파일,출처,제목,subjectClass,한자수,지명총,지명고유,비한자지명,이름,관서,관직,서명,밀도_천자당
kr_000.xml,고려사,高麗史,미상,5550,57,39,0,282,0,117,42,10.27
kr_001.xml,고려사,世家 卷第一,미상,8018,154,111,0,413,0,183,1,19.21
kr_002.xml,고려사,世家 卷第二,미상,10827,65,48,0,449,0,144,11,6.0
kr_003.xml,고려사,世家 卷第三,미상,11659,87,67,0,300,0,111,13,7.46
kr_004.xml,고려사,世家 卷第四,미상,11576,155,86,0,670,0,438,10,13.39
kr_005.xml,고려사,世家 卷第五,미상,9252,80,61,0,600,0,388,5,8.65
kr_006.xml,고려사,世家 卷第六,미상,10633,69,52,0,376,0,292,5,6.49
kr_007.xml,고려사,世家 卷第七,미상,12084,89,74,0,424,0,292,16,7.37
kr_008.xml,고려사,世家 卷第八,미상,11042,62,50,0,412,0,337,17,5.61
kr_009.xml,고려사,世家 卷第九,미상,11677,198,124,0,397,0,286,7,16.96
kr_010.xml,고려사,世家 卷第十,미상,11060,55,44,0,405,0,275,141,4.97
kr_011.xml,고려사,世家 卷第十一,미상,11172,55,38,0,433,0,285,15,4.92
kr_012.xml,고려사,世家 卷第十二,미상,11410,105,78,0,439,0,313,11,9.2
kr_013.xml,고려사,世家 卷第十三,미상,10530,59,40,0,441,0,378,6,5.6
kr_014.xml,고려사,世家 卷第十四,미상,12496,64,29,0,412,0,301,55,5.12
kr_015.xml,고려사,世家 卷第十五,미상,12964,78,46,0,365,0,199,11,6.02
kr_016.xml,고려사,世家 卷第十六,미상,13358,58,20,0,359,0,267,41,4.34
kr_017.xml,고려사,世家 卷第十七,미상,11489,31,23,0,509,0,363,12,2.7
kr_018.xml,고려사,世家 卷第十八,미상,11080,65,48,0,330,0,233,0,5.87
kr_019.xml,고려사,世家 卷第十九,미상,11178,90,71,0,414,0,238,4,8.05
kr_020.xml,고려사,世家 卷第二十,미상,11586,36,31,0,429,0,316,2,3.11
kr_021.xml,고려사,世家 卷第二十一,미상,9005,44,29,0,412,0,215,5,4.89
kr_022.xml,고려사,世家 卷第二十二,미상,11021,168,119,0,429,0,342,2,15.24
kr_023.xml,고려사,世家 卷第二十三,미상,12809,176,120,0,342,0,162,0,13.74
kr_024.xml,고려사,世家 卷第二十四,미상,13102,232,154,0,545,0,180,0,17.71
kr_025.xml,고려사,世家 卷第二十五,미상,10081,96,65,0,356,0,159,0,9.52
kr_026.xml,고려사,世家 卷第二十六,미상,12272,120,77,0,473,0,222,3,9.78
kr_027.xml,고려사,世家 卷第二十七,미상,15079,266,99,0,479,0,215,0,17.64
kr_028.xml,고려사,世家 卷第二十八,미상,14111,206,95,0,627,0,315,3,14.6
kr_029.xml,고려사,世家 卷第二十九,미상,14511,202,102,0,583,0,390,0,13.92
kr_030.xml,고려사,世家 卷第三十,미상,11805,206,94,0,572,0,398,1,17.45
kr_031.xml,고려사,世家 卷第三十一,미상,10742,70,37,0,440,0,274,1,6.52
kr_032.xml,고려사,世家 卷第三十二,미상,10461,62,42,0,549,0,300,3,5.93
kr_033.xml,고려사,世家 卷第三十三,미상,11717,42,38,0,630,0,333,4,3.58
kr_034.xml,고려사,世家 卷第三十四,미상,8692,57,47,0,435,0,198,7,6.56
kr_035.xml,고려사,世家 卷第三十五,미상,10672,80,53,0,760,0,318,0,7.5
kr_036.xml,고려사,世家 卷第三十六,미상,9732,77,56,0,570,0,185,1,7.91
kr_037.xml,고려사,世家 卷第三十七,미상,7134,61,53,0,579,0,286,2,8.55
kr_038.xml,고려사,世家 卷第三十八,미상,8835,59,45,0,675,0,327,0,6.68
kr_039.xml,고려사,世家 卷第三十九,미상,12604,246,166,0,605,0,420,9,19.52
kr_040.xml,고려사,世家 卷第四十,미상,11914,165,118,0,805,0,494,0,13.85
kr_041.xml,고려사,世家 卷第四十一,미상,8242,104,65,0,520,0,263,0,12.62
kr_042.xml,고려사,世家 卷第四十二,미상,7562,61,44,0,124,0,53,13,8.07
kr_043.xml,고려사,世家 卷第四十三,미상,7160,93,66,0,311,0,118,2,12.99
kr_044.xml,고려사,世家 卷第四十四,미상,10175,92,59,0,275,0,152,1,9.04
kr_045.xml,고려사,世家 卷第四十五,미상,11453,90,58,0,795,0,297,12,7.86
kr_046.xml,고려사,世家 卷第四十六,미상,13257,79,67,0,691,0,287,11,5.96
kr_047.xml,고려사,志 卷第一,미상,17203,1,1,0,47,0,6,3,0.06
kr_048.xml,고려사,志 卷第二,미상,17327,3,3,0,13,0,7,1,0.17
kr_049.xml,고려사,志 卷第三,미상,13451,0,0,0,9,0,1,0,0.0
kr_050.xml,고려사,志 卷第四,미상,14657,1,1,0,2,0,1,12,0.07
kr_051.xml,고려사,志 卷第五,미상,15946,0,0,0,1,0,0,0,0.0
kr_052.xml,고려사,志 卷第六,미상,19210,0,0,0,0,0,0,0,0.0
kr_053.xml,고려사,志 卷第七,미상,18957,248,186,0,311,0,15,3,13.08
kr_054.xml,고려사,志 卷第八,미상,13907,140,98,0,186,0,11,6,10.07
kr_055.xml,고려사,志 卷第九,미상,8303,167,86,0,162,0,4,1,20.11
kr_056.xml,고려사,志 卷第十,미상,10104,918,722,0,502,0,180,4,90.86
kr_057.xml,고려사,志 卷第十一,미상,14630,1353,1089,0,780,0,248,7,92.48
kr_058.xml,고려사,志 卷第十二,미상,10926,996,788,0,534,0,235,4,91.16
kr_059.xml,고려사,志 卷第十三,미상,11373,1,1,0,37,0,580,8,0.09
kr_060.xml,고려사,志 卷第十四,미상,10890,0,0,0,153,0,540,0,0.0
kr_061.xml,고려사,志 卷第十五,미상,15029,3,3,0,376,0,590,10,0.2
kr_062.xml,고려사,志 卷第十六,미상,12879,0,0,0,155,0,734,1,0.0
kr_063.xml,고려사,志 卷第十七,미상,7495,35,30,0,32,0,257,1,4.67
kr_064.xml,고려사,志 卷第十八,미상,11624,19,14,0,311,0,290,4,1.63
kr_065.xml,고려사,志 卷第十九,미상,9308,3,3,0,50,0,235,0,0.32
kr_066.xml,고려사,志 卷第二十,미상,9520,0,0,0,4,0,290,0,0.0
kr_067.xml,고려사,志 卷第二十一,미상,10572,1,1,0,15,0,329,1,0.09
kr_068.xml,고려사,志 卷第二十二,미상,10618,4,1,0,18,0,470,2,0.38
kr_069.xml,고려사,志 卷第二十三,미상,9999,6,5,0,13,0,293,0,0.6
kr_070.xml,고려사,志 卷第二十四,미상,7229,0,0,0,66,0,10,0,0.0
kr_071.xml,고려사,志 卷第二十五,미상,11837,93,74,0,103,0,9,16,7.86
kr_072.xml,고려사,志 卷第二十六,미상,18000,3,3,0,111,0,329,5,0.17
kr_073.xml,고려사,志 卷第二十七,미상,13802,3,3,0,772,0,995,68,0.22
kr_074.xml,고려사,志 卷第二十八,미상,10294,8,8,0,631,0,203,42,0.78
kr_075.xml,고려사,志 卷第二十九,미상,14347,21,15,0,308,0,382,1,1.46
kr_076.xml,고려사,志 卷第三十,미상,13834,0,0,0,396,0,1676,1,0.0
kr_077.xml,고려사,志 卷第三十一,미상,15609,39,31,0,493,0,1461,1,2.5
kr_078.xml,고려사,志 卷第三十二,미상,16976,125,90,0,131,0,529,1,7.36
kr_079.xml,고려사,志 卷第三十三,미상,11130,240,216,0,150,0,102,1,21.56
kr_080.xml,고려사,志 卷第三十四,미상,16150,529,247,0,165,0,973,1,32.76
kr_081.xml,고려사,志 卷第三十五,미상,10666,109,62,0,86,0,199,3,10.22
kr_082.xml,고려사,志 卷第三十六,미상,12760,1453,1106,0,141,0,131,1,113.87
kr_083.xml,고려사,志 卷第三十七,미상,8526,151,147,0,74,0,616,0,17.71
kr_084.xml,고려사,志 卷第三十八,미상,13428,18,16,0,95,0,304,13,1.34
kr_085.xml,고려사,志 卷第三十九,미상,13987,30,23,0,100,0,61,13,2.14
kr_086.xml,고려사,年表 卷第一,미상,5270,0,0,0,0,0,0,0,0.0
kr_087.xml,고려사,年表 卷第二,미상,5482,3,2,0,0,0,0,0,0.55
kr_088.xml,고려사,列傳 卷第一,미상,10509,64,36,0,908,0,88,12,6.09
kr_089.xml,고려사,列傳 卷第二,미상,9784,43,35,0,522,0,76,2,4.39
kr_090.xml,고려사,列傳 卷第三,미상,8755,38,34,0,930,0,97,3,4.34
kr_091.xml,고려사,列傳 卷第四,미상,7348,31,23,0,919,0,78,11,4.22
kr_092.xml,고려사,列傳 卷第五,미상,6336,94,73,0,498,0,122,0,14.84
kr_093.xml,고려사,列傳 卷第六,미상,10242,26,23,0,313,0,113,17,2.54
kr_094.xml,고려사,列傳 卷第七,미상,11691,203,145,0,734,0,334,3,17.36
kr_095.xml,고려사,列傳 卷第八,미상,10617,61,47,0,598,0,421,16,5.75
kr_096.xml,고려사,列傳 卷第九,미상,12815,153,96,0,605,0,270,11,11.94
kr_097.xml,고려사,列傳 卷第十,미상,6988,60,50,0,465,0,269,3,8.59
kr_098.xml,고려사,列傳 卷第十一,미상,12551,88,62,0,677,0,252,14,7.01
kr_099.xml,고려사,列傳 卷第十二,미상,12270,101,72,0,780,0,414,11,8.23
kr_100.xml,고려사,列傳 卷第十三,미상,9423,144,104,0,650,0,268,1,15.28
kr_101.xml,고려사,列傳 卷第十四,미상,7317,47,42,0,346,0,163,15,6.42
kr_102.xml,고려사,列傳 卷第十五,미상,8048,60,51,0,459,0,247,17,7.46
kr_103.xml,고려사,列傳 卷第十六,미상,12010,238,168,0,693,0,317,1,19.82
kr_104.xml,고려사,列傳 卷第十七,미상,16460,213,116,0,1282,0,387,4,12.94
kr_105.xml,고려사,列傳 卷第十八,미상,12989,65,50,0,1007,0,357,13,5.0
kr_106.xml,고려사,列傳 卷第十九,미상,12523,103,76,0,815,0,432,14,8.22
kr_107.xml,고려사,列傳 卷第二十,미상,9395,67,50,0,585,0,239,19,7.13
kr_108.xml,고려사,列傳 卷第二十一,미상,6446,41,37,0,466,0,221,2,6.36
kr_109.xml,고려사,列傳 卷第二十二,미상,9753,59,53,0,504,0,275,17,6.05
kr_110.xml,고려사,列傳 卷第二十三,미상,13061,75,56,0,708,0,223,20,5.74
kr_111.xml,고려사,列傳 卷第二十四,미상,13694,131,99,0,945,0,306,5,9.57
kr_112.xml,고려사,列傳 卷第二十五,미상,12990,107,83,0,679,0,227,17,8.24
kr_113.xml,고려사,列傳 卷第二十六,미상,18307,335,194,0,1246,0,318,1,18.3
kr_114.xml,고려사,列傳 卷第二十七,미상,13165,236,149,0,1033,0,346,1,17.93
kr_115.xml,고려사,列傳 卷第二十八,미상,15157,46,31,0,801,0,160,7,3.03
kr_116.xml,고려사,列傳 卷第二十九,미상,8377,69,56,0,548,0,126,1,8.24
kr_117.xml,고려사,列傳 卷第三十,미상,14065,40,34,0,716,0,161,13,2.84
kr_118.xml,고려사,列傳 卷第三十一,미상,10119,30,24,0,193,0,112,8,2.96
kr_119.xml,고려사,列傳 卷第三十二,미상,8647,14,12,0,376,0,44,7,1.62
kr_120.xml,고려사,列傳 卷第三十三,미상,12985,30,25,0,549,0,102,7,2.31
kr_121.xml,고려사,列傳 卷第三十四,미상,6971,83,65,0,423,0,129,5,11.91
kr_122.xml,고려사,列傳 卷第三十五,미상,8408,82,55,0,610,0,144,13,9.75
kr_123.xml,고려사,列傳 卷第三十六,미상,10283,75,50,0,816,0,278,4,7.29
kr_124.xml,고려사,列傳 卷第三十七,미상,11060,70,59,0,977,0,253,0,6.33
kr_125.xml,고려사,列傳 卷第三十八,미상,14112,72,59,0,1347,0,307,5,5.1
kr_126.xml,고려사,列傳 卷第三十九,미상,13742,150,116,0,1134,0,237,2,10.92
kr_127.xml,고려사,列傳 卷第四十,미상,10632,93,54,0,829,0,259,2,8.75
kr_128.xml,고려사,列傳 卷第四十一,미상,8588,62,45,0,698,0,231,0,7.22
kr_129.xml,고려사,列傳 卷第四十二,미상,16722,129,95,0,1224,0,355,3,7.71
kr_130.xml,고려사,列傳 卷第四十三,미상,11751,156,108,0,1033,0,259,2,13.28
kr_131.xml,고려사,列傳 卷第四十四,미상,10145,55,47,0,973,0,231,0,5.42
kr_132.xml,고려사,列傳 卷第四十五,미상,6007,29,22,0,556,0,114,2,4.83
kr_133.xml,고려사,列傳 卷第四十六,미상,12238,275,186,0,641,0,297,6,22.47
kr_134.xml,고려사,列傳 卷第四十七,미상,11853,252,184,0,537,0,241,5,21.26
kr_135.xml,고려사,列傳 卷第四十八,미상,14927,249,170,0,872,0,272,7,16.68
kr_136.xml,고려사,列傳 卷第四十九,미상,9605,118,56,0,368,0,89,0,12.29
kr_137.xml,고려사,列傳 卷第五十,미상,13187,224,124,0,723,0,261,3,16.99
kj_000.xml,고려사절요,高麗史節要,미상,2325,0,0,0,0,0,0,0,0.0
kj_001.xml,고려사절요,高麗史節要 卷1,미상,17025,326,214,0,828,0,306,6,19.15
kj_002.xml,고려사절요,高麗史節要 卷2,미상,24643,210,137,0,812,0,345,16,8.52
kj_003.xml,고려사절요,高麗史節要 卷3,미상,20753,332,178,0,1206,0,583,16,16.0
kj_004.xml,고려사절요,高麗史節要 卷4,미상,21362,282,187,0,837,0,582,25,13.2
kj_005.xml,고려사절요,高麗史節要 卷5,미상,14502,162,126,0,565,0,434,5,11.17
kj_006.xml,고려사절요,高麗史節要 卷6,미상,14609,141,83,0,621,0,409,25,9.65
kj_007.xml,고려사절요,高麗史節要 卷7,미상,14783,200,109,0,730,0,398,11,13.53
kj_008.xml,고려사절요,高麗史節要 卷8,미상,13178,84,50,0,603,0,369,29,6.37
kj_009.xml,고려사절요,高麗史節要 卷9,미상,18871,129,78,0,915,0,381,16,6.84
kj_010.xml,고려사절요,高麗史節要 卷10,미상,17796,169,85,0,833,0,385,27,9.5
kj_011.xml,고려사절요,高麗史節要 卷11,미상,19833,124,92,0,1082,0,524,10,6.25
kj_012.xml,고려사절요,高麗史節要 卷12,미상,20323,202,124,0,1155,0,569,4,9.94
kj_013.xml,고려사절요,高麗史節要 卷13,미상,17249,111,79,0,837,0,377,6,6.44
kj_014.xml,고려사절요,高麗史節要 卷14,미상,15097,225,153,0,819,0,364,4,14.9
kj_015.xml,고려사절요,高麗史節要 卷15,미상,15278,255,170,0,888,0,425,2,16.69
kj_016.xml,고려사절요,高麗史節要 卷16,미상,14638,258,173,0,817,0,360,1,17.63
kj_017.xml,고려사절요,高麗史節要 卷17,미상,17611,307,188,0,1045,0,320,1,17.43
kj_018.xml,고려사절요,高麗史節要 卷18,미상,19245,203,115,0,1071,0,362,1,10.55
kj_019.xml,고려사절요,高麗史節要 卷19,미상,15639,222,96,0,780,0,356,2,14.2
kj_020.xml,고려사절요,高麗史節要 卷20,미상,16327,255,117,0,893,0,436,1,15.62
kj_021.xml,고려사절요,高麗史節要 卷21,미상,16126,259,130,0,906,0,519,6,16.06
kj_022.xml,고려사절요,高麗史節要 卷22,미상,14130,71,51,0,984,0,378,0,5.02
kj_023.xml,고려사절요,高麗史節要 卷23,미상,12019,71,53,0,788,0,276,5,5.91
kj_024.xml,고려사절요,高麗史節要 卷24,미상,17896,111,67,0,1237,0,433,2,6.2
kj_025.xml,고려사절요,高麗史節要 卷25,미상,19120,105,67,0,1329,0,391,9,5.49
kj_026.xml,고려사절요,高麗史節要 卷26,미상,15104,134,95,0,1176,0,483,3,8.87
kj_027.xml,고려사절요,高麗史節要 卷27,미상,13603,284,183,0,750,0,342,2,20.88
kj_028.xml,고려사절요,高麗史節要 卷28,미상,14387,170,111,0,1016,0,286,7,11.82
kj_029.xml,고려사절요,高麗史節要 卷29,미상,11303,169,98,0,668,0,221,3,14.95
kj_030.xml,고려사절요,高麗史節要 卷30,미상,14550,375,222,0,1064,0,340,2,25.77
kj_031.xml,고려사절요,高麗史節要 卷31,미상,12419,258,182,0,725,0,213,2,20.77
kj_032.xml,고려사절요,高麗史節要 卷32,미상,16109,306,193,0,884,0,297,1,19.0
kj_033.xml,고려사절요,高麗史節要 卷33,미상,17813,236,140,0,781,0,329,2,13.25
kj_034.xml,고려사절요,高麗史節要 卷34,미상,24768,147,89,0,1445,0,383,14,5.94
kj_035.xml,고려사절요,高麗史節要 卷35,미상,22174,72,54,0,907,0,243,17,3.25
2nd_wza_100.xml,고순종실록,高宗實錄 卽位年,왕실-의식(儀式),11996,96,63,0,400,0,0,4,8.0
2nd_wza_101.xml,고순종실록,高宗實錄 元年,왕실-의식(儀式),83424,788,300,0,2002,0,0,40,9.45
2nd_wza_102.xml,고순종실록,高宗實錄 二年,왕실-의식(儀式),52409,728,348,0,1152,0,0,39,13.89
2nd_wza_103.xml,고순종실록,高宗實錄 三年,농업-권농(勸農),86019,1362,545,0,2180,0,0,31,15.83
2nd_wza_104.xml,고순종실록,高宗實錄 四年,왕실-종친(宗親),48376,817,408,0,1042,0,0,33,16.89
2nd_wza_105.xml,고순종실록,高宗實錄 五年,왕실-비빈(妃嬪),52804,829,435,0,1202,0,0,26,15.7
2nd_wza_106.xml,고순종실록,高宗實錄 六年,농업-권농(勸農),31863,435,217,0,671,0,0,7,13.65
2nd_wza_107.xml,고순종실록,高宗實錄 七年,왕실-비빈(妃嬪),35150,629,276,0,826,0,0,48,17.89
2nd_wza_108.xml,고순종실록,高宗實錄 八年,왕실-의식(儀式),59602,1179,605,0,1417,0,0,21,19.78
2nd_wza_109.xml,고순종실록,高宗實錄 九年,왕실-의식(儀式),40370,479,240,0,1194,0,0,25,11.87
2nd_wza_110.xml,고순종실록,高宗實錄 十年,왕실-비빈(妃嬪),52159,429,231,0,1154,0,0,61,8.22
2nd_wza_111.xml,고순종실록,高宗實錄 十一年,왕실-의식(儀式),91904,983,418,0,1785,0,0,69,10.7
2nd_wza_112.xml,고순종실록,高宗實錄 十二年,왕실-의식(儀式),41173,523,263,0,1125,0,0,24,12.7
2nd_wza_113.xml,고순종실록,高宗實錄 十三年,왕실-국왕(國王),53065,909,284,0,1118,0,0,16,17.13
2nd_wza_114.xml,고순종실록,高宗實錄 十四年,왕실-의식(儀式),37054,597,262,0,853,0,0,17,16.11
2nd_wza_115.xml,고순종실록,高宗實錄 十五年,왕실-비빈(妃嬪),37363,632,332,0,1040,0,0,27,16.92
2nd_wza_116.xml,고순종실록,高宗實錄 十六年,과학-천기(天氣),37570,649,250,0,739,0,0,8,17.27
2nd_wza_117.xml,고순종실록,高宗實錄 十七年,왕실-비빈(妃嬪),38498,481,230,0,935,0,0,17,12.49
2nd_wza_118.xml,고순종실록,高宗實錄 十八年,왕실-종사(宗社),59563,648,300,0,1533,0,0,43,10.88
2nd_wza_119.xml,고순종실록,高宗實錄 十九年,왕실-비빈(妃嬪),85538,984,296,0,1942,0,0,56,11.5
2nd_wza_120.xml,고순종실록,高宗實錄 二十年,사법-행형(行刑),78713,1680,461,0,1595,0,0,34,21.34
2nd_wza_121.xml,고순종실록,高宗實錄 二十一年,왕실-의식(儀式),85513,1609,434,0,1670,0,0,20,18.82
2nd_wza_122.xml,고순종실록,高宗實錄 二十二年,왕실-의식(儀式),65258,960,336,7,1596,0,0,20,14.71
2nd_wza_123.xml,고순종실록,高宗實錄 二十三年,왕실-의식(儀式),58800,898,292,0,1334,0,0,15,15.27
2nd_wza_124.xml,고순종실록,高宗實錄 二十四年,왕실-종사(宗社),41598,613,305,0,1259,0,0,12,14.74
2nd_wza_125.xml,고순종실록,高宗實錄 二十五年,왕실-사급(賜給),51156,726,268,0,1124,0,0,37,14.19
2nd_wza_126.xml,고순종실록,高宗實錄 二十六年,왕실-국왕(國王),44918,492,234,0,1258,0,0,54,10.95
2nd_wza_127.xml,고순종실록,高宗實錄 二十七年,왕실-비빈(妃嬪),75928,637,282,0,2164,0,0,62,8.39
2nd_wza_128.xml,고순종실록,高宗實錄 二十八年,왕실-의식(儀式),41795,508,203,0,1237,0,0,37,12.15
2nd_wza_129.xml,고순종실록,高宗實錄 二十九年,왕실-의식(儀式),65340,822,278,0,1468,0,0,35,12.58
2nd_wza_130.xml,고순종실록,高宗實錄 三十年,왕실-국왕(國王),53450,740,269,0,1340,0,0,11,13.84
2nd_wza_131.xml,고순종실록,高宗實錄 三十一年,왕실-종친(宗親),99579,1302,380,0,1960,0,0,15,13.08
2nd_wza_132.xml,고순종실록,高宗實錄 三十二年,왕실-종친(宗親),54255,971,583,0,1034,0,0,4,17.9
2nd_wza_133.xml,고순종실록,高宗實錄 三十三年,왕실-의식(儀式),57480,788,310,0,1184,0,0,54,13.71
2nd_wza_134.xml,고순종실록,高宗實錄 三十四年,왕실-국왕(國王),81712,870,295,0,1868,0,0,51,10.65
2nd_wza_135.xml,고순종실록,高宗實錄 三十五年,왕실-의식(儀式),94722,668,181,0,2051,0,0,81,7.05
2nd_wza_136.xml,고순종실록,高宗實錄 三十六年,사법-법제(法制),87758,1169,337,0,2709,0,0,72,13.32
2nd_wza_137.xml,고순종실록,高宗實錄 三十七年,인사-관리(管理),102336,1103,359,0,2474,0,0,103,10.78
2nd_wza_138.xml,고순종실록,高宗實錄 三十八年,정론-정론(政論),74321,998,302,0,2146,0,0,75,13.43
2nd_wza_139.xml,고순종실록,高宗實錄 三十九年,인사-임면(任免),63984,803,268,1,1928,0,0,23,12.55
2nd_wza_140.xml,고순종실록,高宗實錄 四十年,인사-임면(任免),54926,590,257,0,1423,0,0,28,10.74
2nd_wza_141.xml,고순종실록,高宗實錄 四十一年,인사-임면(任免),86223,906,307,2,2341,0,0,62,10.51
2nd_wza_142.xml,고순종실록,高宗實錄 四十二年,인사-임면(任免),103532,960,251,1,2519,0,0,67,9.27
2nd_wza_143.xml,고순종실록,高宗實錄 四十三年,인사-임면(任免),62425,684,281,0,1697,0,0,36,10.96
2nd_wza_144.xml,고순종실록,高宗實錄 四十四年,왕실-의식(儀式),29985,265,127,0,1327,0,0,21,8.84
2nd_wza_200.xml,고순종실록,附錄 / 編纂委員,역사-편사(編史),639,9,3,0,33,0,0,1,14.08
2nd_wzb_000.xml,고순종실록,純宗實錄,왕실-비빈(妃嬪),586,23,19,0,18,0,0,0,39.25
2nd_wzb_100.xml,고순종실록,純宗實錄 卽位年,왕실-국왕(國王),31382,287,111,0,1102,0,0,6,9.15
2nd_wzb_101.xml,고순종실록,純宗實錄 元年,왕실-의식(儀式),27562,568,205,1,1285,0,0,13,20.61
2nd_wzb_102.xml,고순종실록,純宗實錄 二年,왕실-국왕(國王),36960,965,289,3,1395,0,0,7,26.11
2nd_wzb_103.xml,고순종실록,純宗實錄 三年,왕실-종친(宗親),14480,204,80,0,1259,0,0,0,14.09
2nd_wzb_200.xml,고순종실록,附錄 / 編纂委員,역사-편사(編史),638,2,2,0,33,0,0,1,3.13
2nd_wzc_103.xml,고순종실록,純宗[附錄] 三年,외교-일본(日本),6836,158,32,0,149,0,0,0,23.11
2nd_wzc_104.xml,고순종실록,純宗[附錄] 四年,왕실-의식(儀式),10787,301,127,0,467,0,0,13,27.9
2nd_wzc_105.xml,고순종실록,純宗[附錄] 五年,왕실-국왕(國王),8205,235,92,0,370,0,0,3,28.64
2nd_wzc_106.xml,고순종실록,純宗[附錄] 六年,왕실-국왕(國王),5938,168,52,0,229,0,0,5,28.29
2nd_wzc_107.xml,고순종실록,純宗[附錄] 七年,왕실-종친(宗親),10232,423,186,0,332,0,0,3,41.34
2nd_wzc_108.xml,고순종실록,純宗[附錄] 八年,왕실-국왕(國王),10211,309,75,0,322,0,0,4,30.26
2nd_wzc_109.xml,고순종실록,純宗[附錄] 九年,왕실-국왕(國王),7908,201,59,0,356,0,0,3,25.42
2nd_wzc_110.xml,고순종실록,純宗[附錄] 十年,왕실-국왕(國王),9236,340,170,0,343,0,0,6,36.81
2nd_wzc_111.xml,고순종실록,純宗[附錄] 十一年,왕실-의식(儀式),5135,153,67,0,186,0,0,3,29.8
2nd_wzc_112.xml,고순종실록,純宗[附錄] 十二年,풍속-예속(禮俗),15425,299,119,1,551,0,0,6,19.38
2nd_wzc_113.xml,고순종실록,純宗[附錄] 十三年,풍속-예속(禮俗),8449,419,67,0,173,0,0,4,49.59
2nd_wzc_114.xml,고순종실록,純宗[附錄] 十四年,왕실-의식(儀式),8338,189,49,0,314,0,0,9,22.67
2nd_wzc_115.xml,고순종실록,純宗[附錄] 十五年,왕실-행행(行幸),4220,118,56,0,145,0,0,7,27.96
2nd_wzc_116.xml,고순종실록,純宗[附錄] 十六年,왕실-의식(儀式),4948,165,70,0,172,0,0,6,33.35
2nd_wzc_117.xml,고순종실록,純宗[附錄]十七年,왕실-행행(行幸),3413,85,49,0,121,0,0,3,24.9
2nd_wzc_118.xml,고순종실록,純宗[附錄] 十八年,왕실-의식(儀式),3102,89,60,0,115,0,0,1,28.69
2nd_wzc_119.xml,고순종실록,純宗[附錄]十九年,왕실-의식(儀式),15230,141,63,0,582,0,0,9,9.26
2nd_wzc_121.xml,고순종실록,純宗[附錄] 二十一年,왕실-종사(宗社),106,3,3,0,3,0,0,1,28.3
sg_000.xml,삼국사기,三國史記,미상,1439,0,0,0,0,0,0,0,0.0
sg_001.xml,삼국사기,新羅本紀 第一,정치＞왕실＞국왕＞즉위·책봉,5129,73,52,3,131,0,0,8,14.23
sg_002.xml,삼국사기,新羅本紀 第二,정치＞왕실＞국왕＞즉위·책봉,4053,51,40,2,154,5,0,1,12.58
sg_003.xml,삼국사기,新羅本紀 第三,정치＞왕실＞국왕＞즉위·책봉,3704,83,56,0,86,1,0,0,22.41
sg_004.xml,삼국사기,新羅本紀 第四,정치＞왕실＞국왕＞즉위·책봉,5268,79,61,1,205,20,0,13,15.0
sg_005.xml,삼국사기,新羅本紀 第五,정치＞왕실＞국왕＞즉위·책봉,6581,86,66,0,308,7,0,12,13.07
sg_006.xml,삼국사기,新羅本紀 第六,정치＞왕실＞국왕＞즉위·책봉,5213,137,91,9,288,1,0,0,26.28
sg_007.xml,삼국사기,新羅本紀 第七,정치＞행정＞관인＞인사·제도,6513,80,43,3,130,3,0,0,12.28
sg_008.xml,삼국사기,新羅本紀 第八,정치＞왕실＞국왕＞즉위·책봉,5517,46,36,0,201,14,0,8,8.34
sg_009.xml,삼국사기,新羅本紀 第九,정치＞왕실＞국왕＞즉위·책봉,4030,42,36,1,133,45,0,9,10.42
sg_010.xml,삼국사기,新羅本紀 第十,정치＞왕실＞국왕＞즉위·책봉,6563,111,72,6,390,16,0,22,16.91
sg_011.xml,삼국사기,新羅本紀 第十一,정치＞왕실＞국왕＞즉위·책봉,4455,39,32,0,189,7,0,4,8.75
sg_012.xml,삼국사기,新羅本紀 第十二,정치＞왕실＞국왕＞즉위·책봉,3826,55,43,3,224,3,0,2,14.38
sg_013.xml,삼국사기,髙句麗本紀 第一,정치＞왕실＞국왕＞활동(결혼·통치),3588,55,38,2,125,0,0,4,15.33
sg_014.xml,삼국사기,髙句麗本紀 第二,정치＞왕실＞국왕＞즉위·책봉,2584,33,28,2,84,0,0,1,12.77
sg_015.xml,삼국사기,髙句麗本紀 第三,정치＞왕실＞국왕＞즉위·책봉,2665,36,20,0,101,0,0,7,13.51
sg_016.xml,삼국사기,髙句麗本紀 第四,정치＞왕실＞국왕＞즉위·책봉,3135,32,24,1,117,0,0,1,10.21
sg_017.xml,삼국사기,髙句麗本紀 第五,정치＞왕실＞국왕＞즉위·책봉,3750,66,40,0,170,0,0,3,17.6
sg_018.xml,삼국사기,髙句麗本紀 第六,정치＞왕실＞국왕＞즉위·책봉,3686,49,29,0,152,1,0,0,13.29
sg_019.xml,삼국사기,髙句麗本紀 第七,정치＞왕실＞국왕＞즉위·책봉,2924,17,14,0,67,0,0,5,5.81
sg_020.xml,삼국사기,髙句麗本紀 第八,정치＞왕실＞국왕＞즉위·책봉,4484,101,55,1,137,1,0,4,22.52
sg_021.xml,삼국사기,髙句麗本紀 第九,정치＞왕실＞국왕＞즉위·책봉,4690,93,50,1,162,0,0,1,19.83
sg_022.xml,삼국사기,髙句麗本紀 第十,정치＞행정＞관인＞政務諫言,4168,113,56,3,197,0,0,5,27.11
sg_023.xml,삼국사기,百濟本紀 第一,정치＞왕실＞국왕＞즉위·책봉,3713,84,39,1,91,0,0,2,22.62
sg_024.xml,삼국사기,百濟本紀 第二,정치＞왕실＞국왕＞즉위·책봉,2773,30,18,1,88,0,0,1,10.82
sg_025.xml,삼국사기,百濟本紀 第三,정치＞왕실＞국왕＞즉위·책봉,3832,30,16,0,130,0,0,2,7.83
sg_026.xml,삼국사기,百濟本紀 第四,정치＞왕실＞국왕＞즉위·책봉,2808,39,25,1,106,0,0,5,13.89
sg_027.xml,삼국사기,百濟本紀 第五,정치＞왕실＞국왕＞즉위·책봉,2389,14,10,0,68,1,0,1,5.86
sg_028.xml,삼국사기,百濟本紀 第六,정치＞왕실＞국왕＞즉위·책봉,3997,43,23,0,161,0,0,4,10.76
sg_029.xml,삼국사기,年表上,정치＞왕실＞국왕＞즉위·책봉,4700,3,3,1,138,0,0,0,0.64
sg_030.xml,삼국사기,年表中,정치＞왕실＞국왕＞즉위·책봉,5142,2,2,0,196,0,0,0,0.39
sg_031.xml,삼국사기,年表下,정치＞왕실＞국왕＞즉위·책봉,3783,3,3,0,168,0,0,0,0.79
sg_032.xml,삼국사기,雜志 第一,사회＞의례＞제사＞조상신,3919,144,129,1,107,0,0,20,36.74
sg_033.xml,삼국사기,雜志 第二,사회＞사회조직＞신분＞복식(옷·관모·혁대·장식구·신발·가죽),2962,0,0,0,12,0,0,7,0.0
sg_034.xml,삼국사기,雜志 第三,정치＞왕실＞국왕＞활동(결혼·통치),3752,403,368,19,170,0,0,7,107.41
sg_035.xml,삼국사기,雜志 第四,정치＞행정＞군현＞주·부,3695,396,384,1,175,0,0,2,107.17
sg_036.xml,삼국사기,雜志 第五,정치＞행정＞군현＞주·부,3332,375,369,14,157,0,0,0,112.55
sg_037.xml,삼국사기,雜志 第六,정치＞왕실＞궁궐＞宮·城,5040,1031,988,49,33,0,0,13,204.56
sg_038.xml,삼국사기,雜志 第七,정치＞행정＞관직＞중앙관직,4913,0,0,0,270,113,0,29,0.0
sg_039.xml,삼국사기,雜志 第八,정치＞행정＞관서＞중앙관서,1852,0,0,0,55,140,0,7,0.0
sg_040.xml,삼국사기,雜志 第九,정치＞행정＞관서＞군사관서,6557,195,32,4,66,59,0,11,29.74
sg_041.xml,삼국사기,列傳 第一,사회＞사회조직＞신분＞성씨,3309,20,13,0,110,0,0,0,6.04
sg_042.xml,삼국사기,列傳 第二,정치＞군사＞전쟁＞전쟁결과,3107,22,15,2,127,0,0,0,7.08
sg_043.xml,삼국사기,列傳 第三,정치＞군사＞전쟁＞전쟁결과,2718,19,18,1,99,0,0,1,6.99
sg_044.xml,삼국사기,列傳 第四,사회＞사회조직＞신분＞성씨,4840,57,38,8,289,0,0,2,11.78
sg_045.xml,삼국사기,列傳 第五,사회＞사회조직＞신분＞촌락,4791,31,27,2,174,0,0,1,6.47
sg_046.xml,삼국사기,列傳 第六,사회＞사회조직＞신분＞촌락,2863,35,32,2,108,0,0,12,12.22
sg_047.xml,삼국사기,列傳 第七,사회＞사회조직＞신분＞촌락,4592,34,24,1,220,0,0,0,7.4
sg_048.xml,삼국사기,列傳 第八,사회＞사회조직＞신분＞촌락,2754,19,18,1,109,0,0,1,6.9
sg_049.xml,삼국사기,列傳 第九,사회＞사회조직＞신분＞촌락,1660,6,4,0,83,0,0,2,3.61
sg_050.xml,삼국사기,列傳 第十,사회＞사회조직＞신분＞성씨,6132,102,82,1,302,32,0,0,16.63
sg_051.xml,삼국사기,跋文,미상,470,0,0,0,0,0,0,0,0.0
sy_001.xml,삼국유사,三國遺事,정치＞왕실＞국왕＞신상,23158,353,229,5,1155,2,0,49,15.24
sy_002.xml,삼국유사,卷 第二,정치＞신이＞생물＞사람·귀신,20068,223,161,3,816,0,0,25,11.11
sy_003.xml,삼국유사,卷 第三,문화＞사상＞불교사상＞승려생활,24862,261,180,6,753,1,0,78,10.5
sy_004.xml,삼국유사,卷 第四,문화＞사상＞불교사상＞승려(법명·법호),12922,155,112,5,421,2,0,69,12.0
sy_005.xml,삼국유사,卷 第五,문화＞사상＞불교사상＞승려생활,12029,121,89,3,466,0,0,32,10.06
2nd_A01.sjw.y.xml,승정원일기,인조,미상,119673,743,234,210,5330,0,0,323,6.21
2nd_A03.sjw.y.xml,승정원일기,승정원일기 인조03년,미상,590752,2736,611,1,17777,0,0,431,4.63
2nd_A04.sjw.y.xml,승정원일기,승정원일기 인조04년,미상,479358,1928,437,1,12332,0,0,309,4.02
2nd_A05.sjw.y.xml,승정원일기,승정원일기 인조05년,미상,168076,1456,352,0,6695,0,0,238,8.66
2nd_A06.sjw.y.xml,승정원일기,승정원일기 인조06년,미상,175985,1335,367,0,7952,0,0,454,7.59
2nd_A07.sjw.y.xml,승정원일기,승정원일기 인조07년,미상,443101,2217,597,0,11985,0,0,411,5.0
2nd_A08.sjw.y.xml,승정원일기,승정원일기 인조08년,미상,230909,1615,422,0,7425,0,0,626,6.99
2nd_A09.sjw.y.xml,승정원일기,승정원일기 인조09년,미상,185519,1210,337,0,6153,0,0,599,6.52
2nd_A10.sjw.y.xml,승정원일기,승정원일기 인조10년,미상,254970,1206,296,0,7004,0,0,143,4.73
2nd_A11.sjw.y.xml,승정원일기,승정원일기 인조11년,미상,168576,767,206,0,4283,0,0,225,4.55
2nd_A12.sjw.y.xml,승정원일기,승정원일기 인조12년,미상,195805,1369,273,0,4904,0,0,282,6.99
2nd_A13.sjw.y.xml,승정원일기,승정원일기 인조13년,미상,376666,1485,414,0,13389,0,0,370,3.94
2nd_A14.sjw.y.xml,승정원일기,승정원일기 인조14년,미상,364513,1823,469,0,9227,0,0,283,5.0
2nd_A15.sjw.y.xml,승정원일기,승정원일기 인조15년,미상,647416,3739,674,2,17338,0,0,292,5.78
2nd_A16.sjw.y.xml,승정원일기,승정원일기 인조16년,미상,415905,2407,506,0,13812,0,0,316,5.79
2nd_A17.sjw.y.xml,승정원일기,승정원일기 인조17년,미상,464925,1900,458,0,14668,0,0,156,4.09
2nd_A18.sjw.y.xml,승정원일기,승정원일기 인조18년,미상,268704,1468,376,0,9472,0,0,182,5.46
2nd_A19.sjw.y.xml,승정원일기,승정원일기 인조19년,미상,217513,1501,315,0,6708,0,0,360,6.9
2nd_A20.sjw.y.xml,승정원일기,승정원일기 인조20년,미상,165607,1322,349,0,5010,0,0,273,7.98
2nd_A21.sjw.y.xml,승정원일기,승정원일기 인조21년,미상,209289,1207,309,0,7297,0,0,386,5.77
2nd_A22.sjw.y.xml,승정원일기,승정원일기 인조22년,미상,207936,1385,268,0,5555,0,0,604,6.66
2nd_A23.sjw.y.xml,승정원일기,승정원일기 인조23년,미상,189449,1232,260,0,5428,0,0,595,6.5
2nd_A24.sjw.y.xml,승정원일기,승정원일기 인조24년,미상,206496,1250,302,0,6310,0,0,492,6.05
2nd_A25.sjw.y.xml,승정원일기,승정원일기 인조25년,미상,226781,1275,309,0,6814,0,0,353,5.62
2nd_A26.sjw.y.xml,승정원일기,승정원일기 인조26년,미상,282437,1427,362,0,11016,0,0,274,5.05
2nd_A27.sjw.y.xml,승정원일기,승정원일기 인조27년,미상,117064,662,225,0,4426,0,0,128,5.66
2nd_B00.sjw.y.xml,승정원일기,승정원일기 효종00년,미상,378950,1129,325,0,9897,0,0,247,2.98
2nd_B01.sjw.y.xml,승정원일기,승정원일기 효종01년,미상,594720,2948,655,0,13660,0,0,482,4.96
2nd_B02.sjw.y.xml,승정원일기,승정원일기 효종02년,미상,468166,1940,468,0,10073,0,0,357,4.14
2nd_B03.sjw.y.xml,승정원일기,승정원일기 효종03년,미상,265751,1462,367,0,8900,0,0,133,5.5
2nd_B04.sjw.y.xml,승정원일기,승정원일기 효종04년,미상,273482,1353,331,24,7629,0,0,338,4.95
2nd_B05.sjw.y.xml,승정원일기,승정원일기 효종05년,미상,315529,1490,402,2,10093,0,0,512,4.72
2nd_B06.sjw.y.xml,승정원일기,승정원일기 효종06년,미상,299338,1366,407,0,10542,0,0,206,4.56
2nd_B07.sjw.y.xml,승정원일기,승정원일기 효종07년,미상,461258,2207,610,0,15877,0,0,240,4.78
2nd_B08.sjw.y.xml,승정원일기,승정원일기 효종08년,미상,336849,1377,355,1,10032,0,0,470,4.09
2nd_B09.sjw.y.xml,승정원일기,승정원일기 효종09년,미상,412872,1862,433,0,12730,0,0,246,4.51
2nd_B10.sjw.y.xml,승정원일기,승정원일기 효종10년,미상,236321,885,340,0,6442,0,0,162,3.74
2nd_C00.sjw.y.xml,승정원일기,승정원일기 현종00년,미상,291274,922,254,1,7310,0,0,323,3.17
2nd_C01.sjw.y.xml,승정원일기,승정원일기 현종01년,미상,513851,1653,484,2,15351,0,0,271,3.22
2nd_C02.sjw.y.xml,승정원일기,승정원일기 현종02년,미상,532304,1990,510,0,14827,0,0,285,3.74
2nd_C03.sjw.y.xml,승정원일기,승정원일기 현종03년,미상,531698,1632,406,1,15688,0,0,301,3.07
2nd_C04.sjw.y.xml,승정원일기,승정원일기 현종04년,미상,289631,984,266,1,9814,0,0,476,3.4
2nd_C05.sjw.y.xml,승정원일기,승정원일기 현종05년,미상,364058,1288,376,0,12668,0,0,176,3.54
2nd_C06.sjw.y.xml,승정원일기,승정원일기 현종06년,미상,320047,1190,371,0,12057,0,0,181,3.72
2nd_C07.sjw.y.xml,승정원일기,승정원일기 현종07년,미상,442180,2082,519,0,15426,0,0,233,4.71
2nd_C08.sjw.y.xml,승정원일기,승정원일기 현종08년,미상,453439,1699,464,1,15646,0,0,127,3.75
2nd_C09.sjw.y.xml,승정원일기,승정원일기 현종09년,미상,395046,1569,474,0,13623,0,0,224,3.97
2nd_C10.sjw.y.xml,승정원일기,승정원일기 현종10년,미상,432042,1583,438,0,16064,0,0,254,3.66
2nd_C11.sjw.y.xml,승정원일기,승정원일기 현종11년,미상,393332,1913,542,0,14245,0,0,294,4.86
2nd_C12.sjw.y.xml,승정원일기,승정원일기 현종12년,미상,179475,728,211,0,7758,0,0,140,4.06
2nd_C13.sjw.y.xml,승정원일기,승정원일기 현종13년,미상,367981,1460,367,0,12534,0,0,217,3.97
2nd_C14.sjw.y.xml,승정원일기,승정원일기 현종14년,미상,486889,2344,539,1,17967,0,0,332,4.81
2nd_C15.sjw.y.xml,승정원일기,승정원일기 현종15년,미상,251881,1160,392,0,7822,0,0,202,4.61
2nd_D00.sjw.y.xml,승정원일기,승정원일기 숙종00년,미상,189514,804,288,0,5746,0,0,143,4.24
2nd_D01.sjw.y.xml,승정원일기,승정원일기 숙종01년,미상,456174,2200,633,0,16343,0,0,413,4.82
2nd_D02.sjw.y.xml,승정원일기,승정원일기 숙종02년,미상,662975,2699,736,1,21408,0,0,423,4.07
2nd_D03.sjw.y.xml,승정원일기,승정원일기 숙종03년,미상,505970,1906,568,2,18329,0,0,154,3.77
2nd_D04.sjw.y.xml,승정원일기,승정원일기 숙종04년,미상,399084,1780,571,0,16402,0,0,111,4.46
2nd_D05.sjw.y.xml,승정원일기,승정원일기 숙종05년,미상,527759,2279,582,0,20326,0,0,253,4.32
2nd_D06.sjw.y.xml,승정원일기,승정원일기 숙종06년,미상,564633,2107,660,0,21386,0,0,234,3.73
2nd_D07.sjw.y.xml,승정원일기,승정원일기 숙종07년,미상,544416,2141,605,1,18847,0,0,396,3.93
2nd_D08.sjw.y.xml,승정원일기,승정원일기 숙종08년,미상,735703,3196,782,0,23188,0,0,306,4.34
2nd_D09.sjw.y.xml,승정원일기,승정원일기 숙종09년,미상,382650,1698,522,1,9788,0,0,385,4.44
2nd_D10.sjw.y.xml,승정원일기,승정원일기 숙종10년,미상,391371,1888,588,0,13469,0,0,468,4.82
2nd_D11.sjw.y.xml,승정원일기,승정원일기 숙종11년,미상,475963,1922,483,0,14683,0,0,94,4.04
2nd_D12.sjw.y.xml,승정원일기,승정원일기 숙종12년,미상,573714,3327,832,1,20296,0,0,448,5.8
2nd_D13.sjw.y.xml,승정원일기,승정원일기 숙종13년,미상,554129,2748,718,0,16962,0,0,264,4.96
2nd_D14.sjw.y.xml,승정원일기,승정원일기 숙종14년,미상,501387,2319,662,0,15651,0,0,330,4.63
2nd_D15.sjw.y.xml,승정원일기,승정원일기 숙종15년,미상,559657,2262,575,1,22085,0,0,395,4.04
2nd_D16.sjw.y.xml,승정원일기,승정원일기 숙종16년,미상,400948,2031,526,1,14510,0,0,391,5.07
2nd_D17.sjw.y.xml,승정원일기,승정원일기 숙종17년,미상,233888,1474,446,24,7976,0,0,322,6.3
2nd_D18.sjw.y.xml,승정원일기,승정원일기 숙종18년,미상,264510,1827,499,12,9936,0,0,356,6.91
2nd_D19.sjw.y.xml,승정원일기,승정원일기 숙종19년,미상,318292,1879,498,0,12451,0,0,308,5.9
2nd_D20.sjw.y.xml,승정원일기,승정원일기 숙종20년,미상,798203,2958,864,1,23042,0,0,451,3.71
2nd_D22.sjw.y.xml,승정원일기,승정원일기 숙종22년,미상,454923,2005,522,1,15300,0,0,313,4.41
2nd_D23.sjw.y.xml,승정원일기,승정원일기 숙종23년,미상,550510,2943,689,0,16927,0,0,425,5.35
2nd_D24.sjw.y.xml,승정원일기,승정원일기 숙종24년,미상,563087,2769,710,1,16927,0,0,340,4.92
2nd_D25.sjw.y.xml,승정원일기,승정원일기 숙종25년,미상,499160,2250,595,0,16708,0,0,228,4.51
2nd_D26.sjw.y.xml,승정원일기,승정원일기 숙종26년,미상,536327,1810,498,0,14991,0,0,271,3.37
2nd_D27.sjw.y.xml,승정원일기,승정원일기 숙종27년,미상,754369,2944,769,0,20344,0,0,230,3.9
2nd_D28.sjw.y.xml,승정원일기,승정원일기 숙종28년,미상,566647,2386,714,0,16801,0,0,388,4.21
2nd_D29.sjw.y.xml,승정원일기,승정원일기 숙종29년,미상,665459,3615,819,0,17515,0,0,803,5.43
2nd_D30.sjw.y.xml,승정원일기,승정원일기 숙종30년,미상,561710,3137,778,0,16120,0,0,624,5.58
2nd_D31.sjw.y.xml,승정원일기,승정원일기 숙종31년,미상,416318,1903,484,0,14338,0,0,295,4.57
2nd_D32.sjw.y.xml,승정원일기,승정원일기 숙종32년,미상,420647,1578,491,0,14836,0,0,180,3.75
2nd_D33.sjw.y.xml,승정원일기,승정원일기 숙종33년,미상,512408,2529,648,0,13573,0,0,623,4.94
2nd_D34.sjw.y.xml,승정원일기,승정원일기 숙종34년,미상,598250,2870,709,0,18717,0,0,282,4.8
2nd_D35.sjw.y.xml,승정원일기,승정원일기 숙종35년,미상,599904,2540,665,2,19991,0,0,592,4.23
2nd_D36.sjw.y.xml,승정원일기,승정원일기 숙종36년,미상,552994,2758,753,2,17584,0,0,269,4.99
2nd_D37.sjw.y.xml,승정원일기,승정원일기 숙종37년,미상,662913,3712,883,1,18389,0,0,345,5.6
2nd_D38.sjw.y.xml,승정원일기,승정원일기 숙종38년,미상,735282,3815,919,0,20280,0,0,458,5.19
2nd_D39.sjw.y.xml,승정원일기,승정원일기 숙종39년,미상,555118,2590,638,0,17297,0,0,396,4.67
2nd_D40.sjw.y.xml,승정원일기,승정원일기 숙종40년,미상,337976,1083,307,0,12695,0,0,219,3.2
2nd_D41.sjw.y.xml,승정원일기,승정원일기 숙종41년,미상,363821,1164,338,0,12042,0,0,269,3.2
2nd_D42.sjw.y.xml,승정원일기,승정원일기 숙종42년,미상,567793,1515,468,0,16535,0,0,376,2.67
2nd_D43.sjw.y.xml,승정원일기,승정원일기 숙종43년,미상,529953,1959,526,0,14550,0,0,373,3.7
2nd_D44.sjw.y.xml,승정원일기,승정원일기 숙종44년,미상,602569,2246,609,0,16981,0,0,374,3.73
2nd_D45.sjw.y.xml,승정원일기,승정원일기 숙종45년,미상,625091,2959,747,0,16224,0,0,148,4.73
2nd_D46.sjw.y.xml,승정원일기,승정원일기 숙종46년,미상,240658,803,231,0,7163,0,0,158,3.34
2nd_E00.sjw.y.xml,승정원일기,승정원일기 경종00년,미상,438393,1635,573,0,12314,0,0,258,3.73
2nd_E01.sjw.y.xml,승정원일기,승정원일기 경종01년,미상,626540,1785,511,0,20497,0,0,324,2.85
2nd_E02.sjw.y.xml,승정원일기,승정원일기 경종02년,미상,1198222,4186,1075,0,39374,0,0,313,3.49
2nd_E03.sjw.y.xml,승정원일기,승정원일기 경종03년,미상,1122625,3475,908,0,34986,0,0,254,3.1
2nd_E04.sjw.y.xml,승정원일기,승정원일기 경종04년,미상,790305,2229,694,0,31146,0,0,157,2.82
2nd_F00.sjw.y.xml,승정원일기,승정원일기 영조00년,미상,968358,2281,660,0,19680,0,0,443,2.36
2nd_F01.sjw.y.xml,승정원일기,승정원일기 영조01년,미상,2426483,6326,1569,0,73235,0,0,1137,2.61
2nd_F02.sjw.y.xml,승정원일기,승정원일기 영조02년,미상,1824869,5563,1265,0,50164,0,0,965,3.05
2nd_F03.sjw.y.xml,승정원일기,승정원일기 영조03년,미상,2148178,6179,1331,0,50536,0,0,811,2.88
2nd_F04.sjw.y.xml,승정원일기,승정원일기 영조04년,미상,2411307,10423,1752,0,61329,0,0,834,4.32
2nd_F05.sjw.y.xml,승정원일기,승정원일기 영조05년,미상,2138341,6682,1469,0,55443,0,0,672,3.12
2nd_F06.sjw.y.xml,승정원일기,승정원일기 영조06년,미상,1493789,5288,1189,0,39426,0,0,376,3.54
2nd_F07.sjw.y.xml,승정원일기,승정원일기 영조07년,미상,2070598,8871,1521,0,53121,0,0,849,4.28
2nd_F08.sjw.y.xml,승정원일기,승정원일기 영조08년,미상,1675227,8349,1468,0,45443,0,0,514,4.98
2nd_F09.sjw.y.xml,승정원일기,승정원일기 영조09년,미상,1748978,5897,1219,0,46850,0,0,711,3.37
2nd_F10.sjw.y.xml,승정원일기,승정원일기 영조10년,미상,1991649,6996,1402,0,58303,0,0,1174,3.51
2nd_F11.sjw.y.xml,승정원일기,승정원일기 영조11년,미상,1950575,6677,1371,0,65258,0,0,689,3.42
2nd_F12.sjw.y.xml,승정원일기,승정원일기 영조12년,미상,1821387,6315,1392,1,65214,0,0,850,3.47
2nd_F13.sjw.y.xml,승정원일기,승정원일기 영조13년,미상,1851164,5528,1101,0,53287,0,0,814,2.99
2nd_F14.sjw.y.xml,승정원일기,승정원일기 영조14년,미상,1317562,5046,1057,1,40901,0,0,579,3.83
2nd_F15.sjw.y.xml,승정원일기,승정원일기 영조15년,미상,1519228,5573,1132,0,48879,0,0,843,3.67
2nd_F16.sjw.y.xml,승정원일기,승정원일기 영조16년,미상,1583058,5116,1079,0,50349,0,0,885,3.23
2nd_F17.sjw.y.xml,승정원일기,승정원일기 영조17년,미상,1384877,5485,1237,1,44780,0,0,953,3.96
2nd_F18.sjw.y.xml,승정원일기,승정원일기 영조18년,미상,1040590,3722,885,0,31139,0,0,511,3.58
2nd_F19.sjw.y.xml,승정원일기,승정원일기 영조19년,미상,1262238,4245,971,0,38733,0,0,507,3.36
2nd_F20.sjw.y.xml,승정원일기,승정원일기 영조20년,미상,1395385,4217,963,0,44323,0,0,1359,3.02
2nd_F21.sjw.y.xml,승정원일기,승정원일기 영조21년,미상,1264314,4914,1069,0,44468,0,0,572,3.89
2nd_F22.sjw.y.xml,승정원일기,승정원일기 영조22년,미상,1530854,5955,1348,0,49610,0,0,1370,3.89
2nd_F23.sjw.y.xml,승정원일기,승정원일기 영조23년,미상,1498341,5947,1308,0,45582,0,0,1019,3.97
2nd_F24.sjw.y.xml,승정원일기,승정원일기 영조24년,미상,1351331,5241,1109,0,45322,0,0,828,3.88
2nd_F25.sjw.y.xml,승정원일기,승정원일기 영조25년,미상,1196796,4393,1061,0,36766,0,0,922,3.67
2nd_F26.sjw.y.xml,승정원일기,승정원일기 영조26년,미상,1146288,4143,997,0,35015,0,0,449,3.61
2nd_F27.sjw.y.xml,승정원일기,승정원일기 영조27년,미상,1474913,5629,1069,1,47665,0,0,594,3.82
2nd_F28.sjw.y.xml,승정원일기,승정원일기 영조28년,미상,1422504,4809,992,0,46707,0,0,719,3.38
2nd_F29.sjw.y.xml,승정원일기,승정원일기 영조29년,미상,1194991,4905,988,0,41933,0,0,492,4.1
2nd_F30.sjw.y.xml,승정원일기,승정원일기 영조30년,미상,1350935,5649,1125,0,49010,0,0,722,4.18
2nd_F31.sjw.y.xml,승정원일기,승정원일기 영조31년,미상,1271107,5842,1253,0,49736,0,0,450,4.6
2nd_F32.sjw.y.xml,승정원일기,승정원일기 영조32년,미상,1214205,5233,1149,0,45037,0,0,717,4.31
2nd_F33.sjw.y.xml,승정원일기,승정원일기 영조33년,미상,1218786,6797,1190,0,42466,0,0,863,5.58
2nd_F34.sjw.y.xml,승정원일기,승정원일기 영조34년,미상,1084561,6486,1253,0,43761,0,0,872,5.98
2nd_F35.sjw.y.xml,승정원일기,승정원일기 영조35년,미상,1264529,6418,1193,0,49884,0,0,780,5.08
2nd_F36.sjw.y.xml,승정원일기,승정원일기 영조36년,미상,1007388,5463,1202,0,36722,0,0,671,5.42
2nd_F37.sjw.y.xml,승정원일기,승정원일기 영조37년,미상,1100471,5783,1049,1,41147,0,0,578,5.26
2nd_F38.sjw.y.xml,승정원일기,승정원일기 영조38년,미상,1417227,7574,1417,0,52405,0,0,778,5.34
2nd_F39.sjw.y.xml,승정원일기,승정원일기 영조39년,미상,1334971,6510,1299,0,50757,0,0,811,4.88
2nd_F40.sjw.y.xml,승정원일기,승정원일기 영조40년,미상,1130127,5635,1375,0,40542,0,0,561,4.99
2nd_F41.sjw.y.xml,승정원일기,승정원일기 영조41년,미상,987996,4474,1072,0,38547,0,0,645,4.53
2nd_F42.sjw.y.xml,승정원일기,승정원일기 영조42년,미상,799457,3124,731,0,38456,0,0,440,3.91
2nd_F43.sjw.y.xml,승정원일기,승정원일기 영조43년,미상,964064,4431,1009,0,40059,0,0,414,4.6
2nd_F44.sjw.y.xml,승정원일기,승정원일기 영조44년,미상,1070557,5010,1049,0,42647,0,0,628,4.68
2nd_F45.sjw.y.xml,승정원일기,승정원일기 영조45년,미상,1177786,6166,1280,0,52278,0,0,730,5.24
2nd_F46.sjw.y.xml,승정원일기,승정원일기 영조46년,미상,1247616,6542,1384,1,52108,0,0,1244,5.24
2nd_F47.sjw.y.xml,승정원일기,승정원일기 영조47년,미상,1118048,6863,1275,0,45519,0,0,872,6.14
2nd_F48.sjw.y.xml,승정원일기,승정원일기 영조48년,미상,900908,5203,1118,0,35271,0,0,450,5.78
2nd_F49.sjw.y.xml,승정원일기,승정원일기 영조49년,미상,1259241,7454,1355,0,52726,0,0,895,5.92
2nd_F50.sjw.y.xml,승정원일기,승정원일기 영조50년,미상,1115543,5622,1192,0,48316,0,0,547,5.04
2nd_F51.sjw.y.xml,승정원일기,승정원일기 영조51년,미상,1220580,6661,1177,0,53024,0,0,484,5.46
2nd_F52.sjw.y.xml,승정원일기,승정원일기 영조52년,미상,415361,1865,461,0,15662,0,0,249,4.49
2nd_G00.sjw.y.xml,승정원일기,승정원일기 정조00년,미상,1174313,5671,1163,0,51629,0,0,671,4.83
2nd_G01.sjw.y.xml,승정원일기,승정원일기 정조01년,미상,1364502,7422,1232,0,65622,0,0,892,5.44
2nd_G02.sjw.y.xml,승정원일기,승정원일기 정조02년,미상,1265976,8707,1324,0,52720,0,0,714,6.88
2nd_G03.sjw.y.xml,승정원일기,승정원일기 정조03년,미상,1292952,6993,1272,0,47995,0,0,643,5.41
2nd_G04.sjw.y.xml,승정원일기,승정원일기 정조04년,미상,1252684,7136,1069,0,47083,0,0,526,5.7
2nd_G05.sjw.y.xml,승정원일기,승정원일기 정조05년,미상,1480562,7179,1476,0,45501,0,0,1219,4.85
2nd_G06.sjw.y.xml,승정원일기,승정원일기 정조06년,미상,1494960,11365,1768,0,62367,0,0,825,7.6
2nd_G07.sjw.y.xml,승정원일기,승정원일기 정조07년,미상,1519212,10354,2001,0,53334,0,0,769,6.82
2nd_G08.sjw.y.xml,승정원일기,승정원일기 정조08년,미상,1718607,10261,1770,0,59086,0,0,625,5.97
2nd_G09.sjw.y.xml,승정원일기,승정원일기 정조09년,미상,1376145,7656,1428,0,50296,0,0,786,5.56
2nd_G10.sjw.y.xml,승정원일기,승정원일기 정조10년,미상,1556795,7436,1570,2,57585,0,0,771,4.78
2nd_G11.sjw.y.xml,승정원일기,승정원일기 정조11년,미상,1296722,8058,1588,0,45026,0,0,536,6.21
2nd_G12.sjw.y.xml,승정원일기,승정원일기 정조12년,미상,1161020,6414,1433,0,38017,0,0,341,5.52
2nd_G13.sjw.y.xml,승정원일기,승정원일기 정조13년,미상,1512866,9797,1815,0,56682,0,0,435,6.48
2nd_G14.sjw.y.xml,승정원일기,승정원일기 정조14년,미상,1048901,6691,1432,0,39815,0,0,287,6.38
2nd_G15.sjw.y.xml,승정원일기,승정원일기 정조15년,미상,1070709,5993,1422,0,38607,0,0,385,5.6
2nd_G16.sjw.y.xml,승정원일기,승정원일기 정조16년,미상,1325300,7082,1767,0,66706,0,0,357,5.34
2nd_G17.sjw.y.xml,승정원일기,승정원일기 정조17년,미상,1027530,5215,1177,0,37353,0,0,333,5.08
2nd_G18.sjw.y.xml,승정원일기,승정원일기 정조18년,미상,1219128,6971,1393,0,46512,0,0,352,5.72
2nd_G19.sjw.y.xml,승정원일기,승정원일기 정조19년,미상,1373661,8410,1697,1,52810,0,0,574,6.12
2nd_G20.sjw.y.xml,승정원일기,승정원일기 정조20년,미상,1293150,7076,1665,0,54277,0,0,627,5.47
2nd_G21.sjw.y.xml,승정원일기,승정원일기 정조21년,미상,1282698,7421,1631,0,47715,0,0,807,5.79
2nd_G22.sjw.y.xml,승정원일기,승정원일기 정조22년,미상,1489627,8811,1829,0,48528,0,0,598,5.91
2nd_G23.sjw.y.xml,승정원일기,승정원일기 정조23년,미상,1296930,7219,1584,1,46103,0,0,682,5.57
2nd_G24.sjw.y.xml,승정원일기,승정원일기 정조24년,미상,662598,4512,1236,0,27166,0,0,292,6.81
2nd_H00.sjw.y.xml,승정원일기,승정원일기 순조00년,미상,680559,3934,1105,0,25668,0,0,455,5.78
2nd_H01.sjw.y.xml,승정원일기,승정원일기 순조01년,미상,1470350,7478,1553,0,56966,0,0,863,5.09
2nd_H02.sjw.y.xml,승정원일기,승정원일기 순조02년,미상,1290531,7257,1648,0,50624,0,0,1057,5.62
2nd_H03.sjw.y.xml,승정원일기,승정원일기 순조03년,미상,1357005,7297,1672,0,53992,0,0,966,5.38
2nd_H04.sjw.y.xml,승정원일기,승정원일기 순조04년,미상,1315529,8761,2021,0,49967,0,0,795,6.66
2nd_H05.sjw.y.xml,승정원일기,승정원일기 순조05년,미상,1079949,7482,1629,0,43096,0,0,1112,6.93
2nd_H06.sjw.y.xml,승정원일기,승정원일기 순조06년,미상,1425623,7273,1583,0,52801,0,0,1501,5.1
2nd_H07.sjw.y.xml,승정원일기,승정원일기 순조07년,미상,1200848,8106,1700,0,50853,0,0,1182,6.75
2nd_H08.sjw.y.xml,승정원일기,승정원일기 순조08년,미상,1389823,9177,1848,0,54515,0,0,1604,6.6
2nd_H09.sjw.y.xml,승정원일기,승정원일기 순조09년,미상,1137752,8230,1728,0,45101,0,0,1239,7.23
2nd_H10.sjw.y.xml,승정원일기,승정원일기 순조10년,미상,1046399,7502,1814,0,38643,0,0,1631,7.17
2nd_H11.sjw.y.xml,승정원일기,승정원일기 순조11년,미상,1142140,10759,2183,1,43452,0,0,2142,9.42
2nd_H12.sjw.y.xml,승정원일기,승정원일기 순조12년,미상,902647,7475,1695,0,35338,0,0,484,8.28
2nd_H13.sjw.y.xml,승정원일기,승정원일기 순조13년,미상,891186,7184,1762,0,40698,0,0,2534,8.06
2nd_H14.sjw.y.xml,승정원일기,승정원일기 순조14년,미상,770890,6618,1531,0,38825,0,0,372,8.58
2nd_H15.sjw.y.xml,승정원일기,승정원일기 순조15년,미상,656068,5041,1273,1,29556,0,0,197,7.68
2nd_H16.sjw.y.xml,승정원일기,승정원일기 순조16년,미상,795728,6490,1562,0,37993,0,0,809,8.16
2nd_H17.sjw.y.xml,승정원일기,승정원일기 순조17년,미상,699297,5812,1398,0,30736,0,0,223,8.31
2nd_H18.sjw.y.xml,승정원일기,승정원일기 순조18년,미상,1034834,5980,1467,0,46759,0,0,3407,5.78
2nd_H19.sjw.y.xml,승정원일기,승정원일기 순조19년,미상,1138972,6605,1564,0,50249,0,0,3976,5.8
2nd_H20.sjw.y.xml,승정원일기,승정원일기 순조20년,미상,640380,5139,1324,0,31987,0,0,674,8.02
2nd_H21.sjw.y.xml,승정원일기,승정원일기 순조21년,미상,714025,5965,1688,0,29792,0,0,316,8.35
2nd_H22.sjw.y.xml,승정원일기,승정원일기 순조22년,미상,719715,6037,1441,0,30160,0,0,227,8.39
2nd_H23.sjw.y.xml,승정원일기,승정원일기 순조23년,미상,665868,5155,1322,0,38914,0,0,259,7.74
2nd_H24.sjw.y.xml,승정원일기,승정원일기 순조24년,미상,555807,4802,1155,0,26526,0,0,217,8.64
2nd_H25.sjw.y.xml,승정원일기,승정원일기 순조25년,미상,603928,5238,1304,1,28224,0,0,204,8.67
2nd_H26.sjw.y.xml,승정원일기,승정원일기 순조26년,미상,592556,5156,1333,0,28485,0,0,160,8.7
2nd_H27.sjw.y.xml,승정원일기,승정원일기 순조27년,미상,950751,7914,1746,1,40721,0,0,326,8.32
2nd_H28.sjw.y.xml,승정원일기,승정원일기 순조28년,미상,709253,6358,1514,2,29355,0,0,222,8.96
2nd_H29.sjw.y.xml,승정원일기,승정원일기 순조29년,미상,670555,6527,1389,1,29958,0,0,139,9.73
2nd_H30.sjw.y.xml,승정원일기,승정원일기 순조30년,미상,828604,6308,1524,0,35216,0,0,335,7.61
2nd_H31.sjw.y.xml,승정원일기,승정원일기 순조31년,미상,473350,4292,1152,0,24477,0,0,127,9.07
2nd_H32.sjw.y.xml,승정원일기,승정원일기 순조32년,미상,663217,6309,1730,0,30814,0,0,197,9.51
2nd_H33.sjw.y.xml,승정원일기,승정원일기 순조33년,미상,598415,6242,1480,0,28360,0,0,190,10.43
2nd_H34.sjw.y.xml,승정원일기,승정원일기 순조34년,미상,531754,4459,1136,0,25281,0,0,141,8.39
2nd_I00.sjw.y.xml,승정원일기,승정원일기 헌종00년,미상,102803,707,335,0,3915,0,0,89,6.88
2nd_I01.sjw.y.xml,승정원일기,승정원일기 헌종01년,미상,875286,6708,1629,1,34346,0,0,1103,7.66
2nd_I02.sjw.y.xml,승정원일기,승정원일기 헌종02년,미상,688740,5363,1225,0,29495,0,0,919,7.79
2nd_I03.sjw.y.xml,승정원일기,승정원일기 헌종03년,미상,662578,6120,1370,0,30206,0,0,522,9.24
2nd_I04.sjw.y.xml,승정원일기,승정원일기 헌종04년,미상,639999,5360,1329,0,27349,0,0,663,8.38
2nd_I05.sjw.y.xml,승정원일기,승정원일기 헌종05년,미상,629817,5789,1603,1,27234,0,0,433,9.19
2nd_I06.sjw.y.xml,승정원일기,승정원일기 헌종06년,미상,698083,5450,1369,0,32215,0,0,351,7.81
2nd_I07.sjw.y.xml,승정원일기,승정원일기 헌종07년,미상,534256,4283,1231,0,23933,0,0,303,8.02
2nd_I08.sjw.y.xml,승정원일기,승정원일기 헌종08년,미상,568033,6195,1513,0,25223,0,0,229,10.91
2nd_I09.sjw.y.xml,승정원일기,승정원일기 헌종09년,미상,528375,4679,1312,0,24576,0,0,200,8.86
2nd_I10.sjw.y.xml,승정원일기,승정원일기 헌종10년,미상,555165,4744,1236,0,25980,0,0,338,8.55
2nd_I11.sjw.y.xml,승정원일기,승정원일기 헌종11년,미상,640396,5306,1468,0,31155,0,0,913,8.29
2nd_I12.sjw.y.xml,승정원일기,승정원일기 헌종12년,미상,653191,6188,1506,0,28278,0,0,563,9.47
2nd_I13.sjw.y.xml,승정원일기,승정원일기 헌종13년,미상,483100,4725,1233,0,21720,0,0,150,9.78
2nd_I14.sjw.y.xml,승정원일기,승정원일기 헌종14년,미상,614620,5247,1314,0,34037,0,0,368,8.54
2nd_I15.sjw.y.xml,승정원일기,승정원일기 헌종15년,미상,209420,1428,528,0,10701,0,0,60,6.82
2nd_J00.sjw.y.xml,승정원일기,승정원일기 철종00년,미상,604734,3966,1073,0,23231,0,0,842,6.56
2nd_J01.sjw.y.xml,승정원일기,승정원일기 철종01년,미상,995141,7911,1927,1,42234,0,0,1285,7.95
2nd_J02.sjw.y.xml,승정원일기,승정원일기 철종02년,미상,730450,6774,1564,0,26675,0,0,698,9.27
2nd_J03.sjw.y.xml,승정원일기,승정원일기 철종03년,미상,578985,5887,1468,4,20946,0,0,589,10.17
2nd_J04.sjw.y.xml,승정원일기,승정원일기 철종04년,미상,501126,4888,1257,3,18456,0,0,415,9.75
2nd_J05.sjw.y.xml,승정원일기,승정원일기 철종05년,미상,535820,6098,1479,4,20086,0,0,323,11.38
2nd_J06.sjw.y.xml,승정원일기,승정원일기 철종06년,미상,551673,5688,1458,0,18225,0,0,177,10.31
2nd_J07.sjw.y.xml,승정원일기,승정원일기 철종07년,미상,451055,5165,1344,1,16878,0,0,122,11.45
2nd_J08.sjw.y.xml,승정원일기,승정원일기 철종08년,미상,486698,5289,1439,1,18834,0,0,169,10.87
2nd_J09.sjw.y.xml,승정원일기,승정원일기 철종09년,미상,592198,5794,1520,0,25294,0,0,226,9.78
2nd_J10.sjw.y.xml,승정원일기,승정원일기 철종10년,미상,621013,5608,1485,0,29284,0,0,208,9.03
2nd_J11.sjw.y.xml,승정원일기,승정원일기 철종11년,미상,579000,6255,1591,0,24483,0,0,140,10.8
2nd_J12.sjw.y.xml,승정원일기,승정원일기 철종12년,미상,584466,5110,1340,0,28432,0,0,183,8.74
2nd_J13.sjw.y.xml,승정원일기,승정원일기 철종13년,미상,609365,7013,1532,1,24653,0,0,239,11.51
2nd_J14.sjw.y.xml,승정원일기,승정원일기 철종14년,미상,410034,4238,1182,0,15534,0,0,171,10.34
2nd_K00.sjw.y.xml,승정원일기,승정원일기 고종00년,미상,44945,296,112,0,1484,0,0,35,6.59
2nd_K01.sjw.y.xml,승정원일기,승정원일기 고종01년,미상,812566,3731,925,0,33377,0,0,940,4.59
2nd_K02.sjw.y.xml,승정원일기,승정원일기 고종02년,미상,566123,3381,927,0,24249,0,0,498,5.97
2nd_K03.sjw.y.xml,승정원일기,승정원일기 고종03년,미상,623651,4341,1156,0,24942,0,0,340,6.96
2nd_K04.sjw.y.xml,승정원일기,승정원일기 고종04년,미상,464723,3849,1112,0,18584,0,0,515,8.28
2nd_K05.sjw.y.xml,승정원일기,승정원일기 고종05년,미상,529054,4632,1198,0,23826,0,0,316,8.76
2nd_K06.sjw.y.xml,승정원일기,승정원일기 고종06년,미상,391300,4619,1098,0,16999,0,0,245,11.8
2nd_K07.sjw.y.xml,승정원일기,승정원일기 고종07년,미상,397262,5501,1176,0,17736,0,0,355,13.85
2nd_K08.sjw.y.xml,승정원일기,승정원일기 고종08년,미상,413151,5094,1335,0,17315,0,0,334,12.33
2nd_K09.sjw.y.xml,승정원일기,승정원일기 고종09년,미상,531346,5785,1448,0,23792,0,0,345,10.89
2nd_K10.sjw.y.xml,승정원일기,승정원일기 고종10년,미상,454529,5054,1418,0,18632,0,0,368,11.12
2nd_K11.sjw.y.xml,승정원일기,승정원일기 고종11년,미상,604539,6300,1590,0,22987,0,0,330,10.42
2nd_K12.sjw.y.xml,승정원일기,승정원일기 고종12년,미상,585945,5893,1427,0,26945,0,0,199,10.06
2nd_K13.sjw.y.xml,승정원일기,승정원일기 고종13년,미상,568440,6582,1399,0,25533,0,0,181,11.58
2nd_K14.sjw.y.xml,승정원일기,승정원일기 고종14년,미상,541780,5765,1490,0,27444,0,0,175,10.64
2nd_K15.sjw.y.xml,승정원일기,승정원일기 고종15년,미상,607818,5851,1473,0,32077,0,0,240,9.63
2nd_K16.sjw.y.xml,승정원일기,승정원일기 고종16년,미상,602656,5381,1476,0,29753,0,0,200,8.93
2nd_K17.sjw.y.xml,승정원일기,승정원일기 고종17년,미상,610240,6059,1415,0,31650,0,0,144,9.93
2nd_K18.sjw.y.xml,승정원일기,승정원일기 고종18년,미상,690343,7006,1364,0,33021,0,0,201,10.15
2nd_K19.sjw.y.xml,승정원일기,승정원일기 고종19년,미상,806885,8596,1607,0,38672,0,0,295,10.65
2nd_K20.sjw.y.xml,승정원일기,승정원일기 고종20년,미상,539259,6594,1464,0,26310,0,0,257,12.23
2nd_K21.sjw.y.xml,승정원일기,승정원일기 고종21년,미상,602960,5680,1565,0,26160,0,0,226,9.42
2nd_K22.sjw.y.xml,승정원일기,승정원일기 고종22년,미상,692497,6766,1722,1,37184,0,0,136,9.77
2nd_K23.sjw.y.xml,승정원일기,승정원일기 고종23년,미상,581324,5930,1258,1,31627,0,0,160,10.2
2nd_K24.sjw.y.xml,승정원일기,승정원일기 고종24년,미상,485549,5567,1218,5,23390,0,0,176,11.47
2nd_K25.sjw.y.xml,승정원일기,승정원일기 고종25년,미상,623994,5816,1314,0,32341,0,0,394,9.32
2nd_K26.sjw.y.xml,승정원일기,승정원일기 고종26년,미상,574937,6949,1344,0,30885,0,0,195,12.09
2nd_K27.sjw.y.xml,승정원일기,승정원일기 고종27년,미상,746227,5739,1326,0,37897,0,0,333,7.69
2nd_K28.sjw.y.xml,승정원일기,승정원일기 고종28년,미상,758814,7915,1520,1,44180,0,0,267,10.43
2nd_K29.sjw.y.xml,승정원일기,승정원일기 고종29년,미상,741911,7892,1596,1,39615,0,0,266,10.64
2nd_K30.sjw.y.xml,승정원일기,승정원일기 고종30년,미상,616659,7018,1538,0,32618,0,0,120,11.38
2nd_K31.sjw.y.xml,승정원일기,승정원일기 고종31년,미상,511779,6655,1482,0,24378,0,0,48,13.0
2nd_K32.sjw.y.xml,승정원일기,승정원일기 고종32년,미상,158501,2489,753,0,9046,0,0,31,15.7
2nd_K33.sjw.y.xml,승정원일기,승정원일기 고종33년,미상,220077,2510,635,0,8381,0,0,99,11.41
2nd_K34.sjw.y.xml,승정원일기,승정원일기 고종34년,미상,336064,3053,632,0,15440,0,0,147,9.08
2nd_K35.sjw.y.xml,승정원일기,승정원일기 고종35년,미상,453673,2887,486,0,15755,0,0,138,6.36
2nd_K36.sjw.y.xml,승정원일기,승정원일기 고종36년,미상,357243,4669,781,0,18709,0,0,99,13.07
2nd_K37.sjw.y.xml,승정원일기,승정원일기 고종37년,미상,449283,6107,827,1,23122,0,0,204,13.59
2nd_K38.sjw.y.xml,승정원일기,승정원일기 고종38년,미상,358866,6130,809,1,21830,0,0,104,17.08
2nd_K39.sjw.y.xml,승정원일기,승정원일기 고종39년,미상,405825,5905,757,0,29247,0,0,62,14.55
2nd_K40.sjw.y.xml,승정원일기,승정원일기 고종40년,미상,330724,4358,693,0,20848,0,0,91,13.18
2nd_K41.sjw.y.xml,승정원일기,승정원일기 고종41년,미상,340938,4137,658,0,15532,0,0,107,12.13
2nd_K42.sjw.y.xml,승정원일기,승정원일기 고종42년,미상,378722,5727,704,0,20032,0,0,178,15.12
2nd_K43.sjw.y.xml,승정원일기,승정원일기 고종43년,미상,278788,4687,897,0,16850,0,0,126,16.81
2nd_K44.sjw.y.xml,승정원일기,승정원일기 고종44년,미상,114548,1711,484,0,7402,0,0,24,14.94
2nd_L01.sjw.y.xml,승정원일기,승정원일기 순종01년,미상,157284,2440,594,0,11492,0,0,30,15.51
2nd_L02.sjw.y.xml,승정원일기,승정원일기 순종02년,미상,118814,3027,742,0,9962,0,0,46,25.48
2nd_L03.sjw.y.xml,승정원일기,승정원일기 순종03년,미상,149341,4447,1481,0,10213,0,0,11,29.78
2nd_L04.sjw.y.xml,승정원일기,승정원일기 순종04년,미상,74841,1734,661,1,7087,0,0,0,23.17
2nd_waa_000.xml,조선왕조실록,太祖實錄,인물(人物),25091,539,273,0,1666,0,0,4,21.48
2nd_waa_101.xml,조선왕조실록,太祖實錄 元年,인물(人物),28584,300,165,0,939,0,0,29,10.5
2nd_waa_102.xml,조선왕조실록,太祖實錄 二年,왕실-의식(儀式),18453,450,200,0,855,0,0,23,24.39
2nd_waa_103.xml,조선왕조실록,太祖實錄 三年,왕실-의식(儀式),27916,722,313,0,999,0,0,31,25.86
2nd_waa_104.xml,조선왕조실록,太祖實錄 四年,왕실-의식(儀式),21036,398,232,0,656,0,0,30,18.92
2nd_waa_105.xml,조선왕조실록,太祖實錄 五年,왕실-의식(儀式),14156,431,268,0,639,0,0,6,30.45
2nd_waa_106.xml,조선왕조실록,太祖實錄 六年,과학-천기(天氣),20205,436,190,0,691,0,0,13,21.58
2nd_waa_107.xml,조선왕조실록,太祖實錄 七年,외교-야(野),38514,565,313,0,1800,0,0,55,14.67
2nd_waa_200.xml,조선왕조실록,附錄,역사-편사(編史),127,0,0,0,3,0,0,0,0.0
2nd_wba_000.xml,조선왕조실록,定宗實錄,왕실-국왕(國王),132,1,1,0,9,0,0,0,7.58
2nd_wba_101.xml,조선왕조실록,定宗實錄 元年,왕실-의식(儀式),24598,342,170,0,849,0,0,40,13.9
2nd_wba_102.xml,조선왕조실록,定宗實錄 二年,왕실-의식(儀式),40177,317,169,0,1478,0,0,42,7.89
2nd_wba_200.xml,조선왕조실록,附錄 / 纂修官 名單,역사-편사(編史),75,0,0,0,2,0,0,0,0.0
2nd_wca_000.xml,조선왕조실록,太宗實錄,왕실-국왕(國王),741,9,8,0,70,0,0,0,12.15
2nd_wca_101.xml,조선왕조실록,太宗實錄 元年,왕실-의식(儀式),43230,517,213,0,1471,0,0,44,11.96
2nd_wca_102.xml,조선왕조실록,太宗實錄 二年,왕실-의식(儀式),45871,664,250,1,1841,0,0,121,14.48
2nd_wca_103.xml,조선왕조실록,太宗實錄 三年,왕실-의식(儀式),45832,616,277,0,1601,0,0,64,13.44
2nd_wca_104.xml,조선왕조실록,太宗實錄 四年,왕실-의식(儀式),40845,598,261,0,1686,0,0,72,14.64
2nd_wca_105.xml,조선왕조실록,太宗實錄 五年,왕실-의식(儀式),40115,758,369,0,1449,0,0,26,18.9
2nd_wca_106.xml,조선왕조실록,太宗實錄 六年,왕실-의식(儀式),49352,857,342,0,1788,0,0,38,17.37
2nd_wca_107.xml,조선왕조실록,太宗實錄 七年,왕실-의식(儀式),63327,980,483,0,2113,0,0,27,15.48
2nd_wca_108.xml,조선왕조실록,太宗實錄 八年,왕실-의식(儀式),60230,895,342,0,2569,0,0,76,14.86
2nd_wca_109.xml,조선왕조실록,太宗實錄 九年,왕실-의식(儀式),73395,942,393,0,3252,0,0,81,12.83
2nd_wca_110.xml,조선왕조실록,太宗實錄 十年,왕실-의식(儀式),68391,1076,389,0,2660,0,0,66,15.73
2nd_wca_111.xml,조선왕조실록,太宗實錄 十一年,왕실-의식(儀式),65811,941,337,0,2753,0,0,149,14.3
2nd_wca_112.xml,조선왕조실록,太宗實錄 十二年,왕실-의식(儀式),54365,818,346,0,1950,0,0,99,15.05
2nd_wca_113.xml,조선왕조실록,太宗實錄 十三年,과학-천기(天氣),60473,1077,430,0,1733,0,0,73,17.81
2nd_wca_114.xml,조선왕조실록,太宗實錄 十四年,왕실-의식(儀式),66525,1175,476,0,2128,0,0,83,17.66
2nd_wca_115.xml,조선왕조실록,太宗實錄 十五年,왕실-의식(儀式),68107,792,349,0,2300,0,0,61,11.63
2nd_wca_116.xml,조선왕조실록,太宗實錄 十六年,왕실-의식(儀式),63428,834,394,0,2323,0,0,84,13.15
2nd_wca_117.xml,조선왕조실록,太宗實錄 十七年,왕실-의식(儀式),77694,1114,400,0,3108,0,0,50,14.34
2nd_wca_118.xml,조선왕조실록,太宗實錄 十八年,왕실-의식(儀式),74728,863,359,0,3154,0,0,23,11.55
2nd_wca_200.xml,조선왕조실록,附錄 / 纂修官 名單,역사-편사(編史),315,0,0,0,17,0,0,0,0.0
2nd_wda_000.xml,조선왕조실록,世宗實錄,왕실-의식(儀式),2458,15,10,0,95,0,0,0,6.1
2nd_wda_100.xml,조선왕조실록,世宗實錄 卽位年,왕실-의식(儀式),58210,703,300,0,2122,0,0,37,12.08
2nd_wda_101.xml,조선왕조실록,世宗實錄 元年,과학-천기(天氣),108042,1975,512,0,3491,0,0,158,18.28
2nd_wda_102.xml,조선왕조실록,世宗實錄 二年,왕실-의식(儀式),96507,1330,466,0,2657,0,0,53,13.78
2nd_wda_103.xml,조선왕조실록,世宗實錄 三年,식생활-기명제물(器皿祭物),84910,1195,408,1,2354,0,0,50,14.07
2nd_wda_104.xml,조선왕조실록,世宗實錄 四年,왕실-의식(儀式),81763,993,369,0,1988,0,0,57,12.14
2nd_wda_105.xml,조선왕조실록,世宗實錄 五年,왕실-의식(儀式),87752,1617,548,0,2326,0,0,104,18.43
2nd_wda_106.xml,조선왕조실록,世宗實錄 六年,왕실-의식(儀式),121879,1861,645,0,3249,0,0,148,15.27
2nd_wda_107.xml,조선왕조실록,世宗實錄 七年,왕실-의식(儀式),108852,1673,579,0,2946,0,0,92,15.37
2nd_wda_108.xml,조선왕조실록,世宗實錄 八年,왕실-의식(儀式),89377,1529,558,0,2693,0,0,127,17.11
2nd_wda_109.xml,조선왕조실록,世宗實錄 九年,왕실-의식(儀式),85350,1366,500,0,3037,0,0,66,16.0
2nd_wda_110.xml,조선왕조실록,世宗實錄 十年,왕실-의식(儀式),87792,1337,502,0,3122,0,0,149,15.23
2nd_wda_111.xml,조선왕조실록,世宗實錄 十一年,왕실-의식(儀式),87345,1593,708,0,2206,0,0,150,18.24
2nd_wda_112.xml,조선왕조실록,世宗實錄 十二年,왕실-의식(儀式),126465,1766,543,0,3298,0,0,488,13.96
2nd_wda_113.xml,조선왕조실록,世宗實錄 十三年,왕실-의식(儀式),132850,1788,560,0,4362,0,0,155,13.46
2nd_wda_114.xml,조선왕조실록,世宗實錄 十四年,왕실-의식(儀式),116821,1573,450,0,3464,0,0,185,13.47
2nd_wda_115.xml,조선왕조실록,世宗實錄 十五年,왕실-의식(儀式),169105,3245,550,0,4743,0,0,227,19.19
2nd_wda_116.xml,조선왕조실록,世宗實錄 十六年,왕실-의식(儀式),121441,2383,567,0,2782,0,0,165,19.62
2nd_wda_117.xml,조선왕조실록,世宗實錄 十七年,왕실-의식(儀式),94960,1773,499,0,2240,0,0,155,18.67
2nd_wda_118.xml,조선왕조실록,世宗實錄 十八年,왕실-의식(儀式),118737,2078,572,1,1923,0,0,118,17.5
2nd_wda_119.xml,조선왕조실록,世宗實錄 十九年,왕실-의식(儀式),125667,2448,720,0,2219,0,0,186,19.48
2nd_wda_120.xml,조선왕조실록,世宗實錄 二十年,왕실-의식(儀式),96688,1636,489,0,2719,0,0,112,16.92
2nd_wda_121.xml,조선왕조실록,世宗實錄 二十一年,왕실-의식(儀式),137845,2256,689,0,3279,0,0,202,16.37
2nd_wda_122.xml,조선왕조실록,世宗實錄 二十二年,왕실-의식(儀式),114897,2199,554,0,2760,0,0,105,19.14
2nd_wda_123.xml,조선왕조실록,世宗實錄 二十三年,왕실-의식(儀式),102518,1545,439,0,2610,0,0,132,15.07
2nd_wda_124.xml,조선왕조실록,世宗實錄 二十四年,왕실-의식(儀式),108750,1683,470,0,3033,0,0,76,15.48
2nd_wda_125.xml,조선왕조실록,世宗實錄 二十五年,왕실-의식(儀式),132901,1979,499,0,3293,0,0,115,14.89
2nd_wda_126.xml,조선왕조실록,世宗實錄 二十六年,왕실-의식(儀式),115750,1670,441,0,3108,0,0,94,14.43
2nd_wda_127.xml,조선왕조실록,世宗實錄 二十七年,왕실-행행(行幸),77304,1585,643,0,1393,0,0,121,20.5
2nd_wda_128.xml,조선왕조실록,世宗實錄 二十八年,왕실-의식(儀式),119451,1271,413,0,1720,0,0,85,10.64
2nd_wda_129.xml,조선왕조실록,世宗實錄 二十九年,왕실-의식(儀式),79784,1364,486,0,1732,0,0,138,17.1
2nd_wda_130.xml,조선왕조실록,世宗實錄 三十年,왕실-의식(儀式),104121,1744,811,0,1985,0,0,133,16.75
2nd_wda_131.xml,조선왕조실록,世宗實錄 三十一年,왕실-의식(儀式),74915,1000,356,0,2466,0,0,70,13.35
2nd_wda_132.xml,조선왕조실록,世宗實錄 三十二年,왕실-의식(儀式),34558,524,223,0,650,0,0,24,15.16
2nd_wda_200.xml,조선왕조실록,五禮,미상,267770,661,134,0,626,0,0,279,2.47
2nd_wda_300.xml,조선왕조실록,樂譜,미상,17369,82,60,0,86,0,0,149,4.72
2nd_wda_400.xml,조선왕조실록,地理志,미상,176421,15620,6428,3,6487,0,0,33,88.54
2nd_wda_500.xml,조선왕조실록,七政算內外篇,미상,26670,4,4,0,8,0,0,4,0.15
2nd_wda_600.xml,조선왕조실록,附錄 / 纂修官 名單,역사-편사(編史),1041,0,0,0,61,0,0,0,0.0
2nd_wea_000.xml,조선왕조실록,文宗實錄,왕실-국왕(國王),203,2,2,0,11,0,0,0,9.85
2nd_wea_100.xml,조선왕조실록,文宗實錄 卽位年,왕실-의식(儀式),173389,2016,621,0,4153,0,0,159,11.63
2nd_wea_101.xml,조선왕조실록,文宗實錄 元年,왕실-의식(儀式),172044,3194,909,0,3813,0,0,188,18.57
2nd_wea_102.xml,조선왕조실록,文宗實錄 二年,왕실-의식(儀式),53085,708,217,0,1439,0,0,51,13.34
2nd_wea_200.xml,조선왕조실록,附錄 / 纂修官 名單,역사-편사(編史),896,0,0,0,52,0,0,0,0.0
2nd_wfa_000.xml,조선왕조실록,端宗實錄,왕실-국왕(國王),102,3,3,0,9,0,0,0,29.41
2nd_wfa_100.xml,조선왕조실록,端宗實錄 卽位年,왕실-의식(儀式),85979,1290,462,0,3425,0,0,102,15.0
2nd_wfa_101.xml,조선왕조실록,端宗實錄 元年,왕실-의식(儀式),133835,1928,621,0,6249,0,0,131,14.41
2nd_wfa_102.xml,조선왕조실록,端宗實錄 二年,왕실-의식(儀式),85031,1077,365,0,3022,0,0,151,12.67
2nd_wfa_103.xml,조선왕조실록,端宗實錄 三年,왕실-의식(儀式),60812,848,349,0,2703,0,0,34,13.94
2nd_wfa_200.xml,조선왕조실록,附錄,왕실-의식(儀式),7137,54,34,0,160,0,0,7,7.57
2nd_wga_000.xml,조선왕조실록,總序,왕실-국왕(國王),5272,22,16,0,281,0,0,7,4.17
2nd_wga_101.xml,조선왕조실록,世祖實錄 元年,왕실-국왕(國王),71955,1474,664,0,4936,0,0,68,20.49
2nd_wga_102.xml,조선왕조실록,世祖實錄 二年,왕실-의식(儀式),74794,1496,526,0,3677,0,0,99,20.0
2nd_wga_103.xml,조선왕조실록,世祖實錄 三年,왕실-의식(儀式),119564,2471,931,0,4172,0,0,115,20.67
2nd_wga_104.xml,조선왕조실록,世祖實錄 四年,왕실-의식(儀式),81199,1332,431,0,3315,0,0,89,16.4
2nd_wga_105.xml,조선왕조실록,世祖實錄 五年,왕실-의식(儀式),76108,1778,487,0,3241,0,0,128,23.36
2nd_wga_106.xml,조선왕조실록,世祖實錄 六年,왕실-의식(儀式),111433,2659,763,0,4484,0,0,114,23.86
2nd_wga_107.xml,조선왕조실록,世祖實錄 七年,왕실-의식(儀式),88769,2142,558,0,3744,0,0,84,24.13
2nd_wga_108.xml,조선왕조실록,世祖實錄 八年,왕실-의식(儀式),80254,2042,934,0,2978,0,0,117,25.44
2nd_wga_109.xml,조선왕조실록,世祖實錄 九年,왕실-의식(儀式),52511,1003,369,0,2729,0,0,70,19.1
2nd_wga_110.xml,조선왕조실록,世祖實錄 十年,왕실-행행(行幸),94264,1601,464,0,3664,0,0,186,16.98
2nd_wga_111.xml,조선왕조실록,世祖實錄 十一年,왕실-행행(行幸),71452,1319,470,0,3417,0,0,81,18.46
2nd_wga_112.xml,조선왕조실록,世祖實錄 十二年,왕실-행행(行幸),75422,2215,784,0,4071,0,0,100,29.37
2nd_wga_113.xml,조선왕조실록,世祖實錄 十三年,왕실-의식(儀式),138772,2604,569,0,7298,0,0,161,18.76
2nd_wga_114.xml,조선왕조실록,世祖實錄 十四年,왕실-의식(儀式),83763,1322,416,0,4607,0,0,100,15.78
2nd_wga_200.xml,조선왕조실록,樂譜,미상,4856,6,3,0,11,0,0,66,1.24
2nd_wga_300.xml,조선왕조실록,附錄 / 纂修官 名單,역사-편사(編史),1483,0,0,0,72,0,0,0,0.0
2nd_wha_000.xml,조선왕조실록,睿宗實錄,왕실-국왕(國王),321,2,2,0,22,0,0,1,6.23
2nd_wha_100.xml,조선왕조실록,睿宗實錄 卽位年,과학-천기(天氣),69030,507,199,0,2748,0,0,36,7.34
2nd_wha_101.xml,조선왕조실록,睿宗實錄 元年,왕실-행행(行幸),165644,2174,638,0,7881,0,0,137,13.12
2nd_wha_200.xml,조선왕조실록,附錄 / 纂修官 名單,역사-편사(編史),1189,0,0,0,51,0,0,1,0.0
2nd_wia_000.xml,조선왕조실록,成宗實錄,왕실-국왕(國王),142,0,0,0,12,0,0,0,0.0
2nd_wia_100.xml,조선왕조실록,成宗實錄 卽位年,왕실-의식(儀式),14065,153,96,0,634,0,0,21,10.88
2nd_wia_101.xml,조선왕조실록,成宗實錄 元年,왕실-의식(儀式),129924,1979,736,0,5187,0,0,140,15.23
2nd_wia_102.xml,조선왕조실록,成宗實錄 二年,왕실-의식(儀式),105466,1452,493,0,3505,0,0,204,13.77
2nd_wia_103.xml,조선왕조실록,成宗實錄 三年,과학-천기(天氣),105045,1566,574,0,3761,0,0,166,14.91
2nd_wia_104.xml,조선왕조실록,成宗實錄 四年,왕실-의식(儀式),107172,1400,446,0,3577,0,0,190,13.06
2nd_wia_105.xml,조선왕조실록,成宗實錄 五年,왕실-의식(儀式),128830,1836,564,0,4705,0,0,234,14.25
2nd_wia_106.xml,조선왕조실록,成宗實錄 六年,왕실-의식(儀式),163444,2495,668,0,6433,0,0,243,15.27
2nd_wia_107.xml,조선왕조실록,成宗實錄 七年,왕실-의식(儀式),148002,1707,647,0,6584,0,0,298,11.53
2nd_wia_108.xml,조선왕조실록,成宗實錄 八年,왕실-의식(儀式),189647,2046,583,0,7113,0,0,313,10.79
2nd_wia_109.xml,조선왕조실록,成宗實錄 九年,왕실-의식(儀式),200109,1796,492,0,8423,0,0,371,8.98
2nd_wia_110.xml,조선왕조실록,成宗實錄 十年,인물(人物),164974,1778,504,0,6145,0,0,208,10.78
2nd_wia_111.xml,조선왕조실록,成宗實錄 十一年,왕실-의식(儀式),103835,1238,382,0,4681,0,0,111,11.92
2nd_wia_112.xml,조선왕조실록,成宗實錄 十二年,왕실-의식(儀式),141451,1498,476,0,5007,0,0,141,10.59
2nd_wia_113.xml,조선왕조실록,成宗實錄 十三年,왕실-의식(儀式),188111,1623,431,0,8199,0,0,319,8.63
2nd_wia_114.xml,조선왕조실록,成宗實錄 十四年,왕실-비빈(妃嬪),182582,1679,487,0,6617,0,0,291,9.2
2nd_wia_115.xml,조선왕조실록,成宗實錄 十五年,왕실-의식(儀式),144512,1481,389,0,5191,0,0,214,10.25
2nd_wia_116.xml,조선왕조실록,成宗實錄 十六年,왕실-의식(儀式),172379,2095,532,0,6197,0,0,282,12.15
2nd_wia_117.xml,조선왕조실록,成宗實錄 十七年,왕실-의식(儀式),117289,1546,485,0,4341,0,0,180,13.18
2nd_wia_118.xml,조선왕조실록,成宗實錄 十八年,왕실-의식(儀式),147063,1383,387,0,4692,0,0,286,9.4
2nd_wia_119.xml,조선왕조실록,成宗實錄 十九年,왕실-의식(儀式),207994,2005,574,0,7012,0,0,209,9.64
2nd_wia_120.xml,조선왕조실록,成宗實錄 二十年,왕실-사급(賜給),176577,1909,525,0,6671,0,0,247,10.81
2nd_wia_121.xml,조선왕조실록,成宗實錄 二十一年,왕실-의식(儀式),167370,1455,441,0,6621,0,0,210,8.69
2nd_wia_122.xml,조선왕조실록,成宗實錄 二十二年,과학-천기(天氣),203467,2797,725,0,6579,0,0,129,13.75
2nd_wia_123.xml,조선왕조실록,成宗實錄 二十三年,왕실-의식(儀式),187866,1778,480,0,6268,0,0,261,9.46
2nd_wia_124.xml,조선왕조실록,成宗實錄 二十四年,왕실-의식(儀式),270504,2166,533,0,9620,0,0,368,8.01
2nd_wia_125.xml,조선왕조실록,成宗實錄 二十五年,왕실-의식(儀式),214641,1815,488,0,7286,0,0,341,8.46
2nd_wia_200.xml,조선왕조실록,附錄,왕실-국왕(國王),8922,16,12,0,214,0,0,8,1.79
2nd_wja_000.xml,조선왕조실록,燕山君日記,왕실-국왕(國王),168,1,1,0,8,0,0,0,5.95
2nd_wja_100.xml,조선왕조실록,燕山君日記 卽位年,왕실-의식(儀式),6697,15,13,0,138,0,0,17,2.24
2nd_wja_101.xml,조선왕조실록,燕山君日記 元年,왕실-의식(儀式),203985,962,301,0,6136,0,0,200,4.72
2nd_wja_102.xml,조선왕조실록,燕山君日記 二年,정론-간쟁(諫諍),195137,1375,343,0,6790,0,0,273,7.05
2nd_wja_103.xml,조선왕조실록,燕山君日記 三年,왕실-의식(儀式),211002,1588,461,0,7021,0,0,318,7.53
2nd_wja_104.xml,조선왕조실록,燕山君日記 四年,왕실-의식(儀式),62332,522,249,0,3526,0,0,109,8.37
2nd_wja_105.xml,조선왕조실록,燕山君日記 五年,왕실-종사(宗社),87007,1000,339,0,2624,0,0,88,11.49
2nd_wja_106.xml,조선왕조실록,燕山君日記 六年,재정-상공(上供),74199,926,316,0,2422,0,0,72,12.48
2nd_wja_107.xml,조선왕조실록,燕山君日記 七年,왕실-의식(儀式),36935,399,186,0,1348,0,0,44,10.8
2nd_wja_108.xml,조선왕조실록,燕山君日記 八年,왕실-의식(儀式),129350,1293,439,0,4276,0,0,171,10.0
2nd_wja_109.xml,조선왕조실록,燕山君日記 九年,왕실-의식(儀式),86883,1095,434,1,3106,0,0,111,12.6
2nd_wja_110.xml,조선왕조실록,燕山君日記 十年,왕실-의식(儀式),155017,1298,515,0,7315,0,0,108,8.37
2nd_wja_111.xml,조선왕조실록,燕山君日記 十一年,왕실-의식(儀式),78238,634,251,0,2108,0,0,52,8.1
2nd_wja_112.xml,조선왕조실록,燕山君日記 十二年,인사-관리(管理),58834,680,303,0,1856,0,0,50,11.56
2nd_wka_000.xml,조선왕조실록,中宗實錄,왕실-의식(儀式),134,0,0,0,6,0,0,0,0.0
2nd_wka_101.xml,조선왕조실록,中宗實錄 元年,왕실-의식(儀式),65513,359,194,0,2561,0,0,38,5.48
2nd_wka_102.xml,조선왕조실록,中宗實錄 二年,과학-천기(天氣),182345,713,248,0,8043,0,0,134,3.91
2nd_wka_103.xml,조선왕조실록,中宗實錄 三年,왕실-의식(儀式),141389,618,223,0,4519,0,0,97,4.37
2nd_wka_104.xml,조선왕조실록,中宗實錄 四年,왕실-비빈(妃嬪),170840,1426,384,0,5187,0,0,292,8.35
2nd_wka_105.xml,조선왕조실록,中宗實錄 五年,왕실-의식(儀式),144477,1927,446,0,4939,0,0,156,13.34
2nd_wka_106.xml,조선왕조실록,中宗實錄 六年,왕실-사급(賜給),107262,840,256,0,3397,0,0,220,7.83
2nd_wka_107.xml,조선왕조실록,中宗實錄 七年,왕실-비빈(妃嬪),143338,1668,405,0,4753,0,0,218,11.64
2nd_wka_108.xml,조선왕조실록,中宗實錄 八年,왕실-사급(賜給),115110,1025,265,0,4372,0,0,123,8.9
2nd_wka_109.xml,조선왕조실록,中宗實錄 九年,왕실(王室),93081,542,211,0,2494,0,0,127,5.82
2nd_wka_110.xml,조선왕조실록,中宗實錄 十年,왕실-의식(儀式),134489,683,244,0,3900,0,0,217,5.08
2nd_wka_111.xml,조선왕조실록,中宗實錄 十一年,왕실-의식(儀式),203387,1384,413,0,5718,0,0,297,6.8
2nd_wka_112.xml,조선왕조실록,中宗實錄 十二年,왕실-의식(儀式),229292,1146,376,0,5502,0,0,328,5.0
2nd_wka_113.xml,조선왕조실록,中宗實錄 十三年,왕실-의식(儀式),198200,1059,348,0,5941,0,0,224,5.34
2nd_wka_114.xml,조선왕조실록,中宗實錄 十四年,왕실-의식(儀式),182479,1042,355,0,6520,0,0,156,5.71
2nd_wka_115.xml,조선왕조실록,中宗實錄 十五年,왕실-의식(儀式),173965,1431,446,0,5438,0,0,139,8.23
2nd_wka_116.xml,조선왕조실록,中宗實錄 十六年,왕실-의식(儀式),135464,1029,369,0,4144,0,0,65,7.6
2nd_wka_117.xml,조선왕조실록,中宗實錄 十七年,왕실-의식(儀式),158330,1595,425,0,3798,0,0,113,10.07
2nd_wka_118.xml,조선왕조실록,中宗實錄 十八年,왕실-의식(儀式),163605,2047,407,0,3380,0,0,60,12.51
2nd_wka_119.xml,조선왕조실록,中宗實錄 十九年,정론-간쟁(諫諍),148177,1597,442,0,3209,0,0,95,10.78
2nd_wka_120.xml,조선왕조실록,中宗實錄 二十年,왕실-의식(儀式),207369,2472,528,0,5115,0,0,127,11.92
2nd_wka_121.xml,조선왕조실록,中宗實錄 二十一年,신분-천인(賤人),97241,1284,434,0,2266,0,0,86,13.2
2nd_wka_122.xml,조선왕조실록,中宗實錄 二十二年,왕실-의식(儀式),113178,829,397,0,2589,0,0,74,7.32
2nd_wka_123.xml,조선왕조실록,中宗實錄 二十三年,왕실-사급(賜給),281200,2773,587,0,5436,0,0,144,9.86
2nd_wka_124.xml,조선왕조실록,中宗實錄 二十四年,왕실-행행(行幸),146087,966,336,0,3028,0,0,113,6.61
2nd_wka_125.xml,조선왕조실록,中宗實錄 二十五年,왕실-의식(儀式),173415,1140,338,0,4290,0,0,115,6.57
2nd_wka_126.xml,조선왕조실록,中宗實錄 二十六年,왕실-의식(儀式),122999,671,302,0,3944,0,0,27,5.46
2nd_wka_127.xml,조선왕조실록,中宗實錄 二十七年,외교-왜(倭),63932,525,210,0,1692,0,0,37,8.21
2nd_wka_128.xml,조선왕조실록,中宗實錄 二十八年,외교-명(明),181559,781,232,0,4608,0,0,65,4.3
2nd_wka_129.xml,조선왕조실록,中宗實錄 二十九年,왕실-의식(儀式),116762,757,225,0,3003,0,0,43,6.48
2nd_wka_130.xml,조선왕조실록,中宗實錄 三十年,인물(人物),113889,829,297,0,3219,0,0,42,7.28
2nd_wka_131.xml,조선왕조실록,中宗實錄 三十一年,왕실-의식(儀式),133027,896,274,0,2374,0,0,154,6.74
2nd_wka_132.xml,조선왕조실록,中宗實錄 三十二年,왕실-의식(儀式),222209,1345,349,0,5109,0,0,214,6.05
2nd_wka_133.xml,조선왕조실록,中宗實錄 三十三年,왕실-의식(儀式),113348,721,282,0,2272,0,0,100,6.36
2nd_wka_134.xml,조선왕조실록,中宗實錄 三十四年,사법-치안(治安),192123,1188,332,0,3442,0,0,244,6.18
2nd_wka_135.xml,조선왕조실록,中宗實錄 三十五年,왕실-의식(儀式),100690,851,252,0,2149,0,0,145,8.45
2nd_wka_136.xml,조선왕조실록,中宗實錄 三十六年,왕실-의식(儀式),151524,1293,335,0,2160,0,0,172,8.53
2nd_wka_137.xml,조선왕조실록,中宗實錄 三十七年,왕실-의식(儀式),152920,1699,456,0,2455,0,0,148,11.11
2nd_wka_138.xml,조선왕조실록,中宗實錄 三十八年,과학-천기(天氣),102879,789,272,0,1840,0,0,163,7.67
2nd_wka_139.xml,조선왕조실록,中宗實錄 三十九年,왕실-의식(儀式),210162,2365,487,0,4442,0,0,135,11.25
2nd_wka_200.xml,조선왕조실록,附錄 / 纂修官 名單,역사-편사(編史),2378,3,1,0,149,0,0,0,1.26
2nd_wla_000.xml,조선왕조실록,仁宗實錄,왕실(王室),94,0,0,0,4,0,0,0,0.0
2nd_wla_101.xml,조선왕조실록,仁宗實錄 元年,왕실(王室),115868,464,171,0,2371,0,0,63,4.0
2nd_wla_200.xml,조선왕조실록,附錄,왕실-의식(儀式),3438,12,9,0,112,0,0,9,3.49
2nd_wma_000.xml,조선왕조실록,明宗實錄,왕실-국왕(國王),109,0,0,0,9,0,0,0,0.0
2nd_wma_100.xml,조선왕조실록,明宗實錄 卽位年,왕실(王室),163623,792,259,0,6205,0,0,107,4.84
2nd_wma_101.xml,조선왕조실록,明宗實錄 元年,왕실(王室),132853,1157,388,0,3555,0,0,132,8.71
2nd_wma_102.xml,조선왕조실록,明宗實錄 二年,인사(人事),112918,1112,392,0,3355,0,0,148,9.85
2nd_wma_103.xml,조선왕조실록,明宗實錄 三年,인사(人事),90684,683,270,0,2428,0,0,86,7.53
2nd_wma_104.xml,조선왕조실록,明宗實錄 四年,왕실(王室),84696,558,221,0,3370,0,0,47,6.59
2nd_wma_105.xml,조선왕조실록,明宗實錄 五年,왕실(王室),71564,552,237,0,2501,0,0,49,7.71
2nd_wma_106.xml,조선왕조실록,明宗實錄 六年,왕실-의식(儀式),90700,503,209,0,2114,0,0,110,5.55
2nd_wma_107.xml,조선왕조실록,明宗實錄 七年,왕실-의식(儀式),54182,475,212,0,1378,0,0,25,8.77
2nd_wma_108.xml,조선왕조실록,明宗實錄 八年,과학-천기(天氣),98229,795,286,0,2003,0,0,140,8.09
2nd_wma_109.xml,조선왕조실록,明宗實錄 九年,정론(政論),103043,1198,355,0,1710,0,0,101,11.63
2nd_wma_110.xml,조선왕조실록,明宗實錄 十年,왕실-의식(儀式),89051,1323,348,0,1782,0,0,81,14.86
2nd_wma_111.xml,조선왕조실록,明宗實錄 十一年,왕실-의식(儀式),85326,1000,345,0,1527,0,0,82,11.72
2nd_wma_112.xml,조선왕조실록,明宗實錄 十二年,왕실-의식(儀式),106885,1083,355,0,1909,0,0,127,10.13
2nd_wma_113.xml,조선왕조실록,明宗實錄 十三年,과학-천기(天氣),54017,465,185,0,1272,0,0,48,8.61
2nd_wma_114.xml,조선왕조실록,明宗實錄 十四年,왕실-의식(儀式),59464,728,283,0,1266,0,0,57,12.24
2nd_wma_115.xml,조선왕조실록,明宗實錄 十五年,정론(政論),50624,412,197,0,1159,0,0,30,8.14
2nd_wma_116.xml,조선왕조실록,明宗實錄 十六年,왕실-의식(儀式),47545,408,195,0,1297,0,0,26,8.58
2nd_wma_117.xml,조선왕조실록,明宗實錄 十七年,사법-치안(治安),33047,451,225,0,1287,0,0,22,13.65
2nd_wma_118.xml,조선왕조실록,明宗實錄 十八年,사법-재판(裁判),70409,504,252,0,2006,0,0,33,7.16
2nd_wma_119.xml,조선왕조실록,明宗實錄 十九年,과학-천기(天氣),37012,374,190,0,986,0,0,33,10.1
2nd_wma_120.xml,조선왕조실록,明宗實錄 二十年,왕실-의식(儀式),79525,640,182,0,1967,0,0,15,8.05
2nd_wma_121.xml,조선왕조실록,明宗實錄 二十一年,군사-군정(軍政),119712,845,354,0,2331,0,0,84,7.06
2nd_wma_122.xml,조선왕조실록,明宗實錄 二十二年,과학-천기(天氣),35833,160,88,0,873,0,0,18,4.47
2nd_wma_200.xml,조선왕조실록,附錄,역사-편사(編史),6225,14,13,0,295,0,0,0,2.25
2nd_wna_000.xml,조선왕조실록,宣祖實錄,왕실-종사(宗社),579,2,2,0,24,0,0,0,3.45
2nd_wna_100.xml,조선왕조실록,宣祖實錄 卽位年,인사-임면(任免),17022,70,50,0,630,0,0,73,4.11
2nd_wna_101.xml,조선왕조실록,宣祖實錄 元年,왕실-경연(經筵),23216,126,73,0,607,0,0,49,5.43
2nd_wna_102.xml,조선왕조실록,宣祖實錄 二年,정론-간쟁(諫諍),36288,191,96,0,1084,0,0,87,5.26
2nd_wna_103.xml,조선왕조실록,宣祖實錄 三年,정론-정론(政論),18788,67,42,0,423,0,0,26,3.57
2nd_wna_104.xml,조선왕조실록,宣祖實錄 四年,인사-임면(任免),7760,102,58,0,338,0,0,19,13.14
2nd_wna_105.xml,조선왕조실록,宣祖實錄 五年,인물(人物),20908,151,79,0,590,0,0,47,7.22
2nd_wna_106.xml,조선왕조실록,宣祖實錄 六年,인사-임면(任免),55219,412,196,0,2067,0,0,153,7.46
2nd_wna_107.xml,조선왕조실록,宣祖實錄 七年,인사-임면(任免),54402,407,192,0,2034,0,0,153,7.48
2nd_wna_108.xml,조선왕조실록,宣祖實錄 八年,왕실-비빈(妃嬪),27466,117,63,0,654,0,0,61,4.26
2nd_wna_109.xml,조선왕조실록,宣祖實錄 九年,왕실-행행(行幸),13084,130,90,0,418,0,0,32,9.94
2nd_wna_110.xml,조선왕조실록,宣祖實錄 十年,왕실-의식(儀式),8368,53,36,0,209,0,0,4,6.33
2nd_wna_111.xml,조선왕조실록,宣祖實錄 十一年,과학-천기(天氣),9511,142,89,0,314,0,0,9,14.93
2nd_wna_112.xml,조선왕조실록,宣祖實錄 十二年,사법-탄핵(彈劾),6830,36,23,0,238,0,0,8,5.27
2nd_wna_113.xml,조선왕조실록,宣祖實錄 十三年,왕실-종친(宗親),17099,159,108,0,513,0,0,19,9.3
2nd_wna_114.xml,조선왕조실록,宣祖實錄 十四年,왕실-의식(儀式),19485,155,99,0,533,0,0,20,7.95
2nd_wna_115.xml,조선왕조실록,宣祖實錄 十五年,정론-간쟁(諫諍),2657,29,26,0,102,0,0,4,10.91
2nd_wna_116.xml,조선왕조실록,宣祖實錄 十六年,인사-임면(任免),43662,247,126,0,1193,0,0,3,5.66
2nd_wna_117.xml,조선왕조실록,宣祖實錄 十七年,왕실-의식(儀式),6084,69,49,0,219,0,0,2,11.34
2nd_wna_118.xml,조선왕조실록,宣祖實錄 十八年,인사-임면(任免),22228,115,89,0,658,0,0,12,5.17
2nd_wna_119.xml,조선왕조실록,宣祖實錄 十九年,정론-정론(政論),5931,52,33,0,150,0,0,1,8.77
2nd_wna_120.xml,조선왕조실록,宣祖實錄 二十年,정론-간쟁(諫諍),18844,218,119,0,627,0,0,8,11.57
2nd_wna_121.xml,조선왕조실록,宣祖實錄 二十一年,과학-지학(地學),23657,262,144,0,708,0,0,14,11.07
2nd_wna_122.xml,조선왕조실록,宣祖實錄 二十二年,과학-천기(天氣),24620,225,134,0,771,0,0,15,9.14
2nd_wna_123.xml,조선왕조실록,宣祖實錄 二十三年,외교-명(明),5174,48,34,0,184,0,0,5,9.28
2nd_wna_124.xml,조선왕조실록,宣祖實錄 二十四年,왕실-국왕(國王),11824,145,92,0,469,0,0,3,12.26
2nd_wna_125.xml,조선왕조실록,宣祖實錄 二十五年,외교-왜(倭),171527,3355,615,0,5504,0,0,11,19.56
2nd_wna_126.xml,조선왕조실록,宣祖實錄 二十六年,과학-천기(天氣),477727,7812,1182,0,9511,0,0,89,16.35
2nd_wna_127.xml,조선왕조실록,宣祖實錄 二十七年,왕실-행행(行幸),331453,4452,775,0,8244,0,0,148,13.43
2nd_wna_128.xml,조선왕조실록,宣祖實錄 二十八年,왕실-행행(行幸),312000,3862,720,1,7006,0,0,226,12.38
2nd_wna_129.xml,조선왕조실록,宣祖實錄 二十九年,왕실-국왕(國王),357012,4521,854,0,6912,0,0,154,12.66
2nd_wna_130.xml,조선왕조실록,宣祖實錄 三十年,왕실-행행(行幸),336083,5001,738,0,7678,0,2,65,14.88
2nd_wna_131.xml,조선왕조실록,宣祖實錄 三十一年,왕실-의식(儀式),289399,3652,678,0,6217,0,0,47,12.62
2nd_wna_132.xml,조선왕조실록,宣祖實錄 三十二年,왕실-행행(行幸),254519,2290,615,0,6663,0,0,60,9.0
2nd_wna_133.xml,조선왕조실록,宣祖實錄 三十三年,왕실-행행(行幸),229171,1758,530,0,5047,0,0,263,7.67
2nd_wna_134.xml,조선왕조실록,宣祖實錄 三十四年,왕실-행행(行幸),236737,1959,548,0,5233,0,0,304,8.28
2nd_wna_135.xml,조선왕조실록,宣祖實錄 三十五年,왕실-종사(宗社),159321,943,335,0,4482,0,0,234,5.92
2nd_wna_136.xml,조선왕조실록,宣祖實錄 三十六年,왕실-종사(宗社),177960,1910,588,0,4288,0,0,257,10.73
2nd_wna_137.xml,조선왕조실록,宣祖實錄 三十七年,왕실-종사(宗社),251706,1591,485,1,5200,0,0,84,6.32
2nd_wna_138.xml,조선왕조실록,宣祖實錄 三十八年,왕실-행행(行幸),190063,2065,551,0,4443,0,0,123,10.86
2nd_wna_139.xml,조선왕조실록,宣祖實錄 三十九年,왕실-행행(行幸),226065,1894,538,0,5244,0,0,154,8.38
2nd_wna_140.xml,조선왕조실록,宣祖實錄 四十年,왕실-행행(行幸),112489,1092,381,0,2479,0,0,44,9.71
2nd_wna_141.xml,조선왕조실록,宣祖實錄 四十一年,왕실-행행(行幸),24157,42,29,0,613,0,0,21,1.74
2nd_wna_200.xml,조선왕조실록,附錄,왕실-종사(宗社),9067,37,30,0,341,0,0,11,4.08
2nd_wnb_000.xml,조선왕조실록,宣祖修正實錄,왕실-국왕(國王),914,6,6,0,61,0,0,0,6.56
2nd_wnb_100.xml,조선왕조실록,宣祖修正實錄 卽位年,왕실-국왕(國王),5322,18,17,0,263,0,0,17,3.38
2nd_wnb_101.xml,조선왕조실록,宣祖修正實錄 元年,정론-정론(政論),8751,31,24,0,258,0,0,26,3.54
2nd_wnb_102.xml,조선왕조실록,宣祖修正實錄 二年,인사-임면(任免),9403,44,27,0,402,0,0,14,4.68
2nd_wnb_103.xml,조선왕조실록,宣祖修正實錄 三年,인사-임면(任免),10940,36,28,0,438,0,0,17,3.29
2nd_wnb_104.xml,조선왕조실록,宣祖修正實錄 四年,인사-임면(任免),2082,13,11,0,171,0,0,0,6.24
2nd_wnb_105.xml,조선왕조실록,宣祖修正實錄 五年,인물(人物),5379,26,20,0,182,0,0,8,4.83
2nd_wnb_106.xml,조선왕조실록,宣祖修正實錄 六年,과학-천기(天氣),5568,16,16,0,212,0,0,12,2.87
2nd_wnb_107.xml,조선왕조실록,宣祖修正實錄 七年,왕실-행행(行幸),30270,104,76,0,592,0,0,41,3.44
2nd_wnb_108.xml,조선왕조실록,宣祖修正實錄 八年,왕실-비빈(妃嬪),12365,49,32,0,501,0,0,33,3.96
2nd_wnb_109.xml,조선왕조실록,宣祖修正實錄 九年,왕실-의식(儀式),5676,13,10,0,346,0,0,15,2.29
2nd_wnb_110.xml,조선왕조실록,宣祖修正實錄 十年,보건(保健),4213,25,22,0,143,0,0,11,5.93
2nd_wnb_111.xml,조선왕조실록,宣祖修正實錄 十一年,과학-생물(生物),12784,42,35,0,304,0,0,6,3.29
2nd_wnb_112.xml,조선왕조실록,宣祖修正實錄 十二年,인사-임면(任免),10338,34,25,0,422,0,0,1,3.29
2nd_wnb_113.xml,조선왕조실록,宣祖修正實錄 十三年,왕실-의식(儀式),4378,29,20,0,118,0,0,2,6.62
2nd_wnb_114.xml,조선왕조실록,宣祖修正實錄 十四年,인사(人事),22211,54,42,0,787,0,0,9,2.43
2nd_wnb_115.xml,조선왕조실록,宣祖修正實錄 十五年,인사-임면(任免),6811,15,12,0,129,0,0,17,2.2
2nd_wnb_116.xml,조선왕조실록,宣祖修正實錄 十六年,인사-임면(任免),40735,196,95,0,1143,0,0,7,4.81
2nd_wnb_117.xml,조선왕조실록,宣祖修正實錄 十七年,인물(人物),5929,30,23,0,199,0,0,9,5.06
2nd_wnb_118.xml,조선왕조실록,宣祖修正實錄 十八年,인사-임면(任免),10586,27,20,0,568,0,0,3,2.55
2nd_wnb_119.xml,조선왕조실록,宣祖修正實錄 十九年,외교-명(明),14952,106,84,0,769,0,0,30,7.09
2nd_wnb_120.xml,조선왕조실록,宣祖修正實錄 二十年,인사-임면(任免),29821,137,83,0,1100,0,0,21,4.59
2nd_wnb_121.xml,조선왕조실록,宣祖修正實錄 二十一年,정론-간쟁(諫諍),2323,30,25,0,102,0,0,2,12.91
2nd_wnb_122.xml,조선왕조실록,宣祖修正實錄 二十二年,인사-임면(任免),23693,154,91,0,1040,0,0,24,6.5
2nd_wnb_123.xml,조선왕조실록,宣祖修正實錄 二十三年,왕실-종사(宗社),11190,78,48,0,509,0,0,6,6.97
2nd_wnb_124.xml,조선왕조실록,宣祖修正實錄 二十四年,과학-지학(地學),15712,307,130,0,652,0,0,14,19.54
2nd_wnb_125.xml,조선왕조실록,宣祖修正實錄 二十五年,인사-임면(任免),36872,1070,379,0,1636,0,0,7,29.02
2nd_wnb_126.xml,조선왕조실록,宣祖修正實錄 二十六年,군사-전쟁(戰爭),16572,390,157,0,790,0,0,3,23.53
2nd_wnb_127.xml,조선왕조실록,宣祖修正實錄 二十七年,구휼(救恤),12824,175,89,0,414,0,0,5,13.65
2nd_wnb_128.xml,조선왕조실록,宣祖修正實錄 二十八年,외교-명(明),3370,99,47,0,148,0,0,0,29.38
2nd_wnb_129.xml,조선왕조실록,宣祖修正實錄 二十九年,행정-지방행정(地方行政),6008,83,38,0,230,0,0,2,13.81
2nd_wnb_130.xml,조선왕조실록,宣祖修正實錄 三十年,행정-지방행정(地方行政),5421,90,55,0,327,0,0,1,16.6
2nd_wnb_131.xml,조선왕조실록,宣祖修正實錄 三十一年,군사-전쟁(戰爭),11525,155,67,0,361,0,0,14,13.45
2nd_wnb_132.xml,조선왕조실록,宣祖修正實錄 三十二年,정론-간쟁(諫諍),7302,13,12,0,361,0,0,8,1.78
2nd_wnb_133.xml,조선왕조실록,宣祖修正實錄 三十三年,정론-간쟁(諫諍),3373,8,8,0,228,0,0,5,2.37
2nd_wnb_134.xml,조선왕조실록,宣祖修正實錄 三十四年,재정-국용(國用),5274,36,26,0,266,0,0,10,6.83
2nd_wnb_135.xml,조선왕조실록,宣祖修正實錄 三十五年,인사-임면(任免),6749,29,20,0,434,0,0,2,4.3
2nd_wnb_136.xml,조선왕조실록,宣祖修正實錄 三十六年,인사-임면(任免),5559,49,35,0,249,0,0,7,8.81
2nd_wnb_137.xml,조선왕조실록,宣祖修正實錄 三十七年,왕실-종친(宗親),5183,29,20,0,341,0,0,0,5.6
2nd_wnb_138.xml,조선왕조실록,宣祖修正實錄 三十八年,인사-관리(管理),2962,65,55,0,185,0,0,9,21.94
2nd_wnb_139.xml,조선왕조실록,宣祖修正實錄 三十九年,인사-임면(任免),3827,42,21,0,189,0,0,9,10.97
2nd_wnb_140.xml,조선왕조실록,宣祖修正實錄 四十年,인사-임면(任免),2592,25,18,0,164,0,0,4,9.65
2nd_wnb_141.xml,조선왕조실록,宣祖修正實錄 四十一年,왕실-의식(儀式),2189,4,4,0,55,0,0,0,1.83
2nd_wnb_200.xml,조선왕조실록,附錄,역사-편사(編史),2378,3,2,0,41,0,0,6,1.26
2nd_woa_100.xml,조선왕조실록,光海君日記 卽位年,왕실-국왕(國王),214014,1124,394,0,7074,0,0,155,5.25
2nd_woa_101.xml,조선왕조실록,光海 元年,왕실-행행(行幸),187195,1389,427,0,3659,0,0,116,7.42
2nd_woa_102.xml,조선왕조실록,光海君日記 二年,왕실-의식(儀式),223771,1703,448,1,4300,0,0,195,7.61
2nd_woa_103.xml,조선왕조실록,光海君日記 三年,왕실-의식(儀式),132141,770,300,0,2967,0,0,101,5.83
2nd_woa_104.xml,조선왕조실록,光海君日記 四年,과학-역법(曆法),271638,1546,444,0,8676,0,0,149,5.69
2nd_woa_105.xml,조선왕조실록,光海君日記 五年,과학-역법(曆法),183114,971,322,0,7709,0,0,76,5.3
2nd_woa_106.xml,조선왕조실록,光海君日記 六年,과학-천기(天氣),140418,1005,309,0,4369,0,0,84,7.16
2nd_woa_107.xml,조선왕조실록,光海君日記 七年,사법(司法),152138,901,374,0,5131,0,0,116,5.92
2nd_woa_108.xml,조선왕조실록,光海君日記 八年,행정-중앙행정(中央行政),143615,792,288,0,4401,0,0,86,5.51
2nd_woa_109.xml,조선왕조실록,光海君日記 九年,재정(財政),212702,1477,448,0,6466,0,0,100,6.94
2nd_woa_110.xml,조선왕조실록,光海君日記 十年,정론-정론(政論),313060,3235,581,2,9261,0,0,83,10.33
2nd_woa_111.xml,조선왕조실록,光海君日記 十一年,행정-지방행정(地方行政),146628,1962,411,0,2826,0,0,30,13.38
2nd_woa_112.xml,조선왕조실록,光海君日記 十二年,외교-야(野),126889,1159,324,0,2292,0,0,63,9.13
2nd_woa_113.xml,조선왕조실록,光海君日記 十三年,왕실-의식(儀式),138364,1352,375,0,3271,0,0,25,9.77
2nd_woa_114.xml,조선왕조실록,光海君日記 十四年,과학-지학(地學),135725,1417,397,1,3137,0,0,29,10.44
2nd_woa_115.xml,조선왕조실록,光海君日記 十五年,정론-정론(政論),20168,129,91,0,573,0,0,9,6.4
2nd_wob_100.xml,조선왕조실록,光海君日記 卽位年,왕실-국왕(國王),190371,808,325,0,6168,0,0,127,4.24
2nd_wob_101.xml,조선왕조실록,光海君日記 元年,왕실-행행(行幸),127513,691,260,0,2443,0,0,90,5.42
2nd_wob_102.xml,조선왕조실록,光海君日記 二年,왕실-의식(儀式),156650,862,272,0,3162,0,0,133,5.5
2nd_wob_103.xml,조선왕조실록,光海君日記 三年,왕실-의식(儀式),102859,461,200,0,2409,0,0,61,4.48
2nd_wob_104.xml,조선왕조실록,光海君日記 四年,과학-역법(曆法),212324,994,314,0,7400,0,0,84,4.68
2nd_wob_105.xml,조선왕조실록,光海君日記 五年,과학-역법(曆法),176525,810,272,0,7569,0,0,63,4.59
2nd_wob_106.xml,조선왕조실록,光海君日記 六年,과학-천기(天氣),111786,579,207,0,3584,0,0,67,5.18
2nd_wob_107.xml,조선왕조실록,光海君日記 七年,사법(司法),135546,701,312,0,4752,0,0,91,5.17
2nd_wob_108.xml,조선왕조실록,光海君日記 八年,행정-중앙행정(中央行政),134845,674,255,0,4235,0,0,85,5.0
2nd_wob_109.xml,조선왕조실록,光海君日記 九年,재정(財政),194767,1076,367,0,6231,0,0,67,5.52
2nd_wob_110.xml,조선왕조실록,光海君日記 十年,정론-정론(政論),281061,2082,508,0,8483,0,0,46,7.41
2nd_wob_111.xml,조선왕조실록,光海君日記 十一年,행정-지방행정(地方行政),123168,1268,345,0,2528,0,0,10,10.29
2nd_wob_112.xml,조선왕조실록,光海君日記 十二年,외교-야(野),94574,598,235,0,1864,0,0,28,6.32
2nd_wob_113.xml,조선왕조실록,光海君日記 十三年,왕실-의식(儀式),83110,678,251,0,2385,0,0,3,8.16
2nd_wob_114.xml,조선왕조실록,光海君日記 十四年,과학-지학(地學),103322,657,272,0,2588,0,0,7,6.36
2nd_wob_115.xml,조선왕조실록,光海君日記 十五年,정론-정론(政論),16447,81,59,0,541,0,0,0,4.92
2nd_wpa_000.xml,조선왕조실록,仁祖實錄,역사-편사(編史),34,1,1,0,4,0,0,0,29.41
2nd_wpa_101.xml,조선왕조실록,仁祖實錄 元年,왕실-국왕(國王),119136,649,226,0,4519,0,0,171,5.45
2nd_wpa_102.xml,조선왕조실록,仁祖實錄 二年,과학-천기(天氣),172642,1315,427,0,5655,0,0,152,7.62
2nd_wpa_103.xml,조선왕조실록,仁祖實錄 三年,군사-군정(軍政),139090,949,285,0,3860,0,0,215,6.82
2nd_wpa_104.xml,조선왕조실록,仁祖實錄 四年,왕실-의식(儀式),180267,848,311,0,3209,0,0,355,4.7
2nd_wpa_105.xml,조선왕조실록,仁祖實錄 五年,왕실-의식(儀式),156419,2341,532,0,4453,0,0,108,14.97
2nd_wpa_106.xml,조선왕조실록,仁祖實錄 六年,왕실-의식(儀式),117760,1348,441,0,3462,0,0,66,11.45
2nd_wpa_107.xml,조선왕조실록,仁祖實錄 七年,사법-치안(治安),80743,774,282,0,2168,0,0,112,9.59
2nd_wpa_108.xml,조선왕조실록,仁祖實錄 八年,왕실-의식(儀式),91250,959,340,0,2187,0,0,141,10.51
2nd_wpa_109.xml,조선왕조실록,仁祖實錄 九年,왕실-의식(儀式),93749,855,317,0,2570,0,0,134,9.12
2nd_wpa_110.xml,조선왕조실록,仁祖實錄 十年,인사-임면(任免),79957,640,232,0,2327,0,0,119,8.0
2nd_wpa_111.xml,조선왕조실록,仁祖實錄 十一年,무역(貿易),54673,583,262,0,1291,0,0,42,10.66
2nd_wpa_112.xml,조선왕조실록,仁祖實錄 十二年,재정-전세(田稅),70910,534,237,0,1862,0,0,98,7.53
2nd_wpa_113.xml,조선왕조실록,仁祖實錄 十三年,왕실-종사(宗社),67875,494,235,0,2100,0,0,100,7.28
2nd_wpa_114.xml,조선왕조실록,仁祖實錄 十四年,왕실-의식(儀式),71614,686,214,0,1661,0,0,40,9.58
2nd_wpa_115.xml,조선왕조실록,仁祖實錄 十五年,왕실-의식(儀式),90693,831,263,0,2441,0,0,41,9.16
2nd_wpa_116.xml,조선왕조실록,仁祖實錄 十六年,왕실-의식(儀式),75677,814,315,0,1998,0,0,74,10.76
2nd_wpa_117.xml,조선왕조실록,仁祖實錄 十七年,외교-명(明),55768,577,245,0,1599,0,0,65,10.35
2nd_wpa_118.xml,조선왕조실록,仁祖實錄 十八年,인사-임면(任免),53992,716,285,0,1452,0,0,18,13.26
2nd_wpa_119.xml,조선왕조실록,仁祖實錄 十九年,외교-야(野),34420,477,192,0,1078,0,0,32,13.86
2nd_wpa_120.xml,조선왕조실록,仁祖實錄 二十年,외교-야(野),35693,434,151,0,1290,0,0,17,12.16
2nd_wpa_121.xml,조선왕조실록,仁祖實錄 二十一年,왕실-의식(儀式),40665,414,158,0,1304,0,0,21,10.18
2nd_wpa_122.xml,조선왕조실록,仁祖實錄 二十二年,왕실-의식(儀式),61107,768,287,0,2233,0,0,27,12.57
2nd_wpa_123.xml,조선왕조실록,仁祖實錄 二十三年,인사-임면(任免),87214,812,312,0,2259,0,0,153,9.31
2nd_wpa_124.xml,조선왕조실록,仁祖實錄 二十四年,왕실-종친(宗親),66757,704,292,0,2511,0,0,12,10.55
2nd_wpa_125.xml,조선왕조실록,仁祖實錄 二十五年,왕실-의식(儀式),40006,594,287,0,1271,0,0,59,14.85
2nd_wpa_126.xml,조선왕조실록,仁祖實錄 二十六年,과학-천기(天氣),45074,651,279,0,1313,0,0,70,14.44
2nd_wpa_127.xml,조선왕조실록,仁祖實錄 二十七年,과학-천기(天氣),17181,208,110,0,437,0,0,18,12.11
2nd_wpa_200.xml,조선왕조실록,附錄,왕실-국왕(國王),20111,120,69,0,527,0,0,33,5.97
2nd_wqa_000.xml,조선왕조실록,孝宗實錄,왕실-국왕(國王),20,0,0,0,1,0,0,0,0.0
2nd_wqa_100.xml,조선왕조실록,孝宗實錄 卽位年,왕실-국왕(國王),77025,288,145,0,1901,0,0,242,3.74
2nd_wqa_101.xml,조선왕조실록,孝宗實錄 元年,왕실-의식(儀式),99109,621,197,0,2631,0,0,202,6.27
2nd_wqa_102.xml,조선왕조실록,孝宗實錄 二年,왕실-의식(儀式),98339,559,228,0,2644,0,0,218,5.68
2nd_wqa_103.xml,조선왕조실록,孝宗實錄 三年,정론-정론(政論),140194,645,287,0,4103,0,0,216,4.6
2nd_wqa_104.xml,조선왕조실록,孝宗實錄 四年,정론-간쟁(諫諍),98880,508,234,0,2902,0,0,186,5.14
2nd_wqa_105.xml,조선왕조실록,孝宗實錄 五年,과학-천기(天氣),62379,385,171,0,1673,0,0,278,6.17
2nd_wqa_106.xml,조선왕조실록,孝宗實錄 六年,인사-임면(任免),66310,635,286,0,1784,0,0,182,9.58
2nd_wqa_107.xml,조선왕조실록,孝宗實錄 七年,인물(人物),59101,246,113,0,1290,0,0,84,4.16
2nd_wqa_108.xml,조선왕조실록,孝宗實錄 八年,과학-천기(天氣),106207,445,197,0,2216,0,0,161,4.19
2nd_wqa_109.xml,조선왕조실록,孝宗實錄 九年,왕실-사급(賜給),62003,212,117,0,1745,0,0,87,3.42
2nd_wqa_110.xml,조선왕조실록,孝宗實錄 十年,인사-임면(任免),37998,208,132,0,886,0,0,45,5.47
2nd_wqa_200.xml,조선왕조실록,附錄,역사-편사(編史),17429,114,68,0,400,0,0,65,6.54
2nd_wra_000.xml,조선왕조실록,顯宗實錄,왕실-국왕(國王),178,2,2,0,15,0,0,0,11.24
2nd_wra_100.xml,조선왕조실록,顯宗實錄 卽位年,왕실-국왕(國王),47841,368,140,0,1913,0,0,25,7.69
2nd_wra_101.xml,조선왕조실록,顯宗實錄 一年,재정-공물(貢物),95428,535,227,0,3324,0,0,87,5.61
2nd_wra_102.xml,조선왕조실록,顯宗實錄 二年,인사-임면(任免),50842,378,201,0,2123,0,0,16,7.43
2nd_wra_103.xml,조선왕조실록,顯宗實錄 三年,외교-야(野),64055,428,200,0,2482,0,0,22,6.68
2nd_wra_104.xml,조선왕조실록,顯宗實錄 四年,인사-임면(任免),66448,411,205,0,2317,0,0,32,6.19
2nd_wra_105.xml,조선왕조실록,顯宗實錄 五年,정론-간쟁(諫諍),90557,817,323,0,3111,0,0,45,9.02
2nd_wra_106.xml,조선왕조실록,顯宗實錄 六年,과학-천기(天氣),84297,768,276,0,2569,0,0,51,9.11
2nd_wra_107.xml,조선왕조실록,顯宗實錄 七年,정론-간쟁(諫諍),70427,429,185,0,2323,0,0,164,6.09
2nd_wra_108.xml,조선왕조실록,顯宗實錄 八年,인사-임면(任免),58516,338,178,1,2206,0,0,30,5.78
2nd_wra_109.xml,조선왕조실록,顯宗實錄 九年,정론-간쟁(諫諍),59463,445,209,0,2400,0,0,31,7.48
2nd_wra_110.xml,조선왕조실록,顯宗實錄 十年,인사-선발(選拔),89477,953,324,0,3448,0,0,101,10.65
2nd_wra_111.xml,조선왕조실록,顯宗實錄 十一年,과학-천기(天氣),48153,607,280,0,1977,0,0,28,12.61
2nd_wra_112.xml,조선왕조실록,顯宗實錄 十二年,의생활-관복(官服),53923,658,241,0,1549,0,0,4,12.2
2nd_wra_113.xml,조선왕조실록,顯宗實錄 十三年,정론-간쟁(諫諍),39795,384,185,0,1459,0,0,6,9.65
2nd_wra_114.xml,조선왕조실록,顯宗實錄 十四年,과학-천기(天氣),47733,312,158,0,1508,0,0,35,6.54
2nd_wra_115.xml,조선왕조실록,顯宗實錄 十五年,정론-간쟁(諫諍),38616,214,140,1,1366,0,0,29,5.54
2nd_wra_200.xml,조선왕조실록,附錄,왕실-국왕(國王),26060,251,129,0,782,0,0,38,9.63
2nd_wrb_100.xml,조선왕조실록,顯宗改修實錄 卽位年,왕실-국왕(國王),70032,448,172,0,2413,0,0,60,6.4
2nd_wrb_101.xml,조선왕조실록,顯宗改修實錄 元年,재정-공물(貢物),128299,701,281,0,3792,0,0,141,5.46
2nd_wrb_102.xml,조선왕조실록,顯宗改修實錄 二年,인물(人物),77666,518,258,0,2634,0,0,26,6.67
2nd_wrb_103.xml,조선왕조실록,顯宗改修實錄 三年,외교-야(野),72830,505,221,0,2281,0,0,23,6.93
2nd_wrb_104.xml,조선왕조실록,顯宗改修實錄 四年,정론(政論),106640,714,279,0,3069,0,0,52,6.7
2nd_wrb_105.xml,조선왕조실록,顯宗改修實錄 五年,왕실-비빈(妃嬪),111843,1038,391,0,3438,0,0,65,9.28
2nd_wrb_106.xml,조선왕조실록,顯宗改修實錄 六年,과학-천기(天氣),92609,854,304,0,2677,0,0,59,9.22
2nd_wrb_107.xml,조선왕조실록,顯宗改修實錄 七年,인사(人事),98842,641,207,0,2992,0,0,148,6.49
2nd_wrb_108.xml,조선왕조실록,顯宗改修實錄 八年,인사-임면(任免),97756,532,223,0,3051,0,0,24,5.44
2nd_wrb_109.xml,조선왕조실록,顯宗改修實錄 九年,정론-간쟁(諫諍),83509,626,261,0,3513,0,0,51,7.5
2nd_wrb_110.xml,조선왕조실록,顯宗改修實錄 十年,과학-역법(曆法),99095,874,308,0,3567,0,0,147,8.82
2nd_wrb_111.xml,조선왕조실록,顯宗改修實錄 十一年,과학-천기(天氣),70220,755,317,0,2438,0,0,34,10.75
2nd_wrb_112.xml,조선왕조실록,顯宗改修實錄 十二年,사법-법제(法制),86870,790,267,0,2034,0,0,18,9.09
2nd_wrb_113.xml,조선왕조실록,顯宗改修實錄 十三年,정론-간쟁(諫諍),65329,557,221,0,2296,0,0,18,8.53
2nd_wrb_114.xml,조선왕조실록,顯宗改修實錄 十四年,과학-천기(天氣),63885,456,167,0,2122,0,0,64,7.14
2nd_wrb_115.xml,조선왕조실록,顯宗改修實錄 十五年,정론-간쟁(諫諍),47301,302,151,0,1743,0,0,57,6.38
2nd_wrb_200.xml,조선왕조실록,附錄,역사-편사(編史),10547,82,47,0,216,0,0,7,7.77
2nd_wsa_100.xml,조선왕조실록,肅宗實錄 卽位年,왕실-국왕(國王),40464,232,118,0,1277,0,0,53,5.73
2nd_wsa_101.xml,조선왕조실록,肅宗實錄 元年,왕실-의식(儀式),149744,1067,413,0,8246,0,0,127,7.13
2nd_wsa_102.xml,조선왕조실록,肅宗實錄 二年,과학-천기(天氣),43842,393,228,0,1853,0,0,55,8.96
2nd_wsa_103.xml,조선왕조실록,肅宗實錄 三年,정론-정론(政論),60210,415,207,0,2305,0,0,53,6.89
2nd_wsa_104.xml,조선왕조실록,肅宗實錄 四年,정론-간쟁(諫諍),39113,418,256,0,1537,0,0,21,10.69
2nd_wsa_105.xml,조선왕조실록,肅宗實錄 五年,정론-간쟁(諫諍),50694,304,181,0,2608,0,0,47,6.0
2nd_wsa_106.xml,조선왕조실록,肅宗實錄 六年,과학-천기(天氣),133578,774,361,0,6414,0,0,160,5.79
2nd_wsa_107.xml,조선왕조실록,肅宗實錄 七年,정론-정론(政論),112810,1078,484,0,3763,0,0,189,9.56
2nd_wsa_108.xml,조선왕조실록,肅宗實錄 八年,정론-간쟁(諫諍),71505,643,317,0,3043,0,0,43,8.99
2nd_wsa_109.xml,조선왕조실록,肅宗實錄 九年,과학-역법(曆法),86830,574,303,0,3682,0,0,96,6.61
2nd_wsa_110.xml,조선왕조실록,肅宗實錄 十年,과학-천기(天氣),84875,587,308,0,2819,0,0,44,6.92
2nd_wsa_111.xml,조선왕조실록,肅宗實錄 十一年,인사-임면(任免),53334,332,170,0,2154,0,0,40,6.22
2nd_wsa_112.xml,조선왕조실록,肅宗實錄 十二年,과학-천기(天氣),55996,339,199,0,1895,0,0,88,6.05
2nd_wsa_113.xml,조선왕조실록,肅宗實錄 十三年,인사-임면(任免),47195,314,160,0,2291,0,0,16,6.65
2nd_wsa_114.xml,조선왕조실록,肅宗實錄 十四年,왕실-의식(儀式),39945,275,162,0,1538,0,0,18,6.88
2nd_wsa_115.xml,조선왕조실록,肅宗實錄 十五年,과학-천기(天氣),102214,469,226,0,5601,0,0,50,4.59
2nd_wsa_116.xml,조선왕조실록,肅宗實錄 十六年,왕실-국왕(國王),41856,370,208,0,1532,0,0,35,8.84
2nd_wsa_117.xml,조선왕조실록,肅宗實錄 十七年,정론-정론(政論),36289,284,181,0,1322,0,0,22,7.83
2nd_wsa_118.xml,조선왕조실록,肅宗實錄 十八年,과학-천기(天氣),25184,200,133,0,869,0,0,11,7.94
2nd_wsa_119.xml,조선왕조실록,肅宗實錄 十九年,왕실-종친(宗親),27523,307,159,0,1050,0,0,9,11.15
2nd_wsa_120.xml,조선왕조실록,肅宗實錄 二十年,인사-임면(任免),128101,690,298,0,5472,0,0,83,5.39
2nd_wsa_121.xml,조선왕조실록,肅宗實錄 二十一年,정론-간쟁(諫諍),67420,560,273,0,2309,0,0,31,8.31
2nd_wsa_122.xml,조선왕조실록,肅宗實錄 二十二年,정론-정론(政論),61108,558,252,0,2753,0,0,87,9.13
2nd_wsa_123.xml,조선왕조실록,肅宗實錄 二十三年,인사-임면(任免),61661,531,270,0,2860,0,0,23,8.61
2nd_wsa_124.xml,조선왕조실록,肅宗實錄 二十四年,인사-임면(任免),66677,375,160,0,2129,0,0,27,5.62
2nd_wsa_125.xml,조선왕조실록,肅宗實錄 二十五年,인사-관리(管理),50417,224,130,0,1779,0,0,15,4.44
2nd_wsa_126.xml,조선왕조실록,肅宗實錄 二十六年,왕실-국왕(國王),58117,233,149,0,2189,0,0,28,4.01
2nd_wsa_127.xml,조선왕조실록,肅宗實錄 二十七年,왕실-궁관(宮官),145848,712,303,0,6075,0,0,74,4.88
2nd_wsa_128.xml,조선왕조실록,肅宗實錄 二十八年,과학-천기(天氣),55651,407,227,0,1621,0,0,20,7.31
2nd_wsa_129.xml,조선왕조실록,肅宗實錄 二十九年,외교-야(野),108601,670,341,0,3096,0,0,105,6.17
2nd_wsa_130.xml,조선왕조실록,肅宗實錄 三十年,사법-탄핵(彈劾),113345,697,349,0,2477,0,0,148,6.15
2nd_wsa_131.xml,조선왕조실록,肅宗實錄 三十一年,정론-간쟁(諫諍),88142,362,198,0,2594,0,0,42,4.11
2nd_wsa_132.xml,조선왕조실록,肅宗實錄 三十二年,구휼(救恤),93284,322,186,0,4291,0,0,57,3.45
2nd_wsa_133.xml,조선왕조실록,肅宗實錄 三十三年,사법-재판(裁判),64640,336,200,0,2112,0,0,35,5.2
2nd_wsa_134.xml,조선왕조실록,肅宗實錄 三十四年,정론-간쟁(諫諍),46468,361,224,0,1695,0,0,27,7.77
2nd_wsa_135.xml,조선왕조실록,肅宗實錄 三十五年,행정-지방행정(地方行政),44407,252,155,0,1538,0,0,134,5.67
2nd_wsa_136.xml,조선왕조실록,肅宗實錄 三十六年,과학-천기(天氣),72710,730,301,0,1925,0,0,58,10.04
2nd_wsa_137.xml,조선왕조실록,肅宗實錄 三十七年,농업-권농(勸農),74263,758,280,0,2299,0,0,18,10.21
2nd_wsa_138.xml,조선왕조실록,肅宗實錄 三十八年,농업-권농(勸農),79044,755,317,0,2754,0,0,31,9.55
2nd_wsa_139.xml,조선왕조실록,肅宗實錄 三十九年,정론-정론(政論),71577,626,282,0,2479,0,0,49,8.75
2nd_wsa_140.xml,조선왕조실록,肅宗實錄 四十年,왕실-국왕(國王),35101,380,209,0,1259,0,0,57,10.83
2nd_wsa_141.xml,조선왕조실록,肅宗實錄 四十一年,농업-권농(勸農),27911,154,88,0,1104,0,0,42,5.52
2nd_wsa_142.xml,조선왕조실록,肅宗實錄 四十二年,구휼(救恤),91220,414,217,0,3015,0,0,154,4.54
2nd_wsa_143.xml,조선왕조실록,肅宗實錄 四十三年,구휼(救恤),100563,714,304,0,2631,0,0,103,7.1
2nd_wsa_144.xml,조선왕조실록,肅宗實錄 四十四年,농업-농작(農作),80817,611,275,0,2050,0,0,85,7.56
2nd_wsa_145.xml,조선왕조실록,肅宗實錄 四十五年,과학-천기(天氣),71549,573,223,0,1868,0,0,64,8.01
2nd_wsa_146.xml,조선왕조실록,肅宗實錄 四十六年,왕실-국왕(國王),25228,132,90,0,574,0,0,36,5.23
2nd_wsa_200.xml,조선왕조실록,附錄,왕실-궁관(宮官),27192,282,150,0,642,0,0,49,10.37
2nd_wsb_100.xml,조선왕조실록,肅宗實錄補闕正誤 卽位年,외교-야(野),515,4,2,0,10,0,0,0,7.77
2nd_wsb_101.xml,조선왕조실록,肅宗實錄補闕正誤 元年,정론-정론(政論),1304,2,2,0,27,0,0,0,1.53
2nd_wsb_102.xml,조선왕조실록,肅宗實錄補闕正誤 二年,역사-편사(編史),1574,12,12,0,82,0,0,1,7.62
2nd_wsb_103.xml,조선왕조실록,肅宗實錄補闕正誤 三年,역사-편사(編史),461,1,1,0,12,0,0,0,2.17
2nd_wsb_104.xml,조선왕조실록,肅宗實錄補闕正誤 四年,역사-편사(編史),489,2,2,0,25,0,0,1,4.09
2nd_wsb_105.xml,조선왕조실록,肅宗實錄補闕正誤 五年,역사-편사(編史),575,1,1,0,35,0,0,0,1.74
2nd_wsb_106.xml,조선왕조실록,肅宗實錄補闕正誤 六年,역사-편사(編史),2120,3,3,0,95,0,0,0,1.42
2nd_wsb_107.xml,조선왕조실록,肅宗實錄補闕正誤 七年,역사-편사(編史),4223,4,4,0,168,0,0,0,0.95
2nd_wsb_108.xml,조선왕조실록,肅宗實錄補闕正誤 八年,역사-편사(編史),1901,14,11,0,89,0,0,0,7.36
2nd_wsb_109.xml,조선왕조실록,肅宗實錄補闕正誤 九年,역사-편사(編史),9644,9,9,0,468,0,0,4,0.93
2nd_wsb_110.xml,조선왕조실록,肅宗實錄補闕正誤 十年,역사-사학(史學),14672,30,24,0,556,0,0,4,2.04
2nd_wsb_111.xml,조선왕조실록,肅宗實錄補闕正誤 十一年,사법-행형(行刑),3187,14,12,0,161,0,0,1,4.39
2nd_wsb_112.xml,조선왕조실록,肅宗實錄補闕正誤 十二年,인사-임면(任免),2612,15,11,0,133,0,0,1,5.74
2nd_wsb_113.xml,조선왕조실록,肅宗實錄補闕正誤 十三年,정론-정론(政論),5243,3,3,0,216,0,0,4,0.57
2nd_wsb_114.xml,조선왕조실록,肅宗實錄補闕正誤 十四年,정론-정론(政論),13240,82,51,0,287,0,0,28,6.19
2nd_wsb_115.xml,조선왕조실록,肅宗實錄補闕正誤 十五年,왕실-종친(宗親),3796,6,6,0,98,0,0,1,1.58
2nd_wsb_116.xml,조선왕조실록,肅宗實錄補闕正誤 十六年,인물(人物),1794,4,4,0,76,0,0,0,2.23
2nd_wsb_117.xml,조선왕조실록,肅宗實錄補闕正誤 十七年,왕실-비빈(妃嬪),265,1,1,0,8,0,0,0,3.77
2nd_wsb_118.xml,조선왕조실록,肅宗實錄補闕正誤 十八年,인물(人物),824,9,9,0,26,0,0,1,10.92
2nd_wsb_119.xml,조선왕조실록,肅宗實錄補闕正誤 十九年,정론-정론(政論),372,4,3,0,18,0,0,0,10.75
2nd_wsb_120.xml,조선왕조실록,肅宗實錄補闕正誤 二十年,정론-간쟁(諫諍),4117,4,4,0,144,0,0,0,0.97
2nd_wsb_121.xml,조선왕조실록,肅宗實錄補闕正誤 二十一年,인사-관리(管理),3037,8,7,0,126,0,0,0,2.63
2nd_wsb_122.xml,조선왕조실록,肅宗實錄補闕正誤 二十二年,정론-정론(政論),6730,13,10,0,178,0,0,2,1.93
2nd_wsb_123.xml,조선왕조실록,肅宗實錄補闕正誤 二十三年,정론-정론(政論),2493,6,6,0,166,0,0,0,2.41
2nd_wsb_124.xml,조선왕조실록,肅宗實錄補闕正誤 二十四年,왕실-경연(經筵),2533,3,3,0,98,0,0,0,1.18
2nd_wsb_125.xml,조선왕조실록,肅宗實錄補闕正誤 二十五年,인사-임면(任免),3506,15,14,0,112,0,0,1,4.28
2nd_wsb_126.xml,조선왕조실록,肅宗實錄補闕正誤 二十六年,왕실-경연(經筵),2432,4,4,0,99,0,0,1,1.64
2nd_wsb_127.xml,조선왕조실록,肅宗實錄補闕正誤 二十七年,인사-임면(任免),2144,1,1,0,55,0,0,0,0.47
2nd_wsb_128.xml,조선왕조실록,肅宗實錄補闕正誤 二十八年,왕실-비빈(妃嬪),3210,2,2,0,65,0,0,0,0.62
2nd_wsb_129.xml,조선왕조실록,肅宗實錄補闕正誤 二十九年,사법-탄핵(彈劾),2706,3,3,0,113,0,0,1,1.11
2nd_wsb_130.xml,조선왕조실록,肅宗實錄補闕正誤 三十年,정론-간쟁(諫諍),2084,3,3,0,74,0,0,0,1.44
2nd_wsb_131.xml,조선왕조실록,肅宗實錄補闕正誤 三十一年,정론-간쟁(諫諍),8060,15,12,0,184,0,0,1,1.86
2nd_wsb_132.xml,조선왕조실록,肅宗實錄補闕正誤 三十二年,정론-정론(政論),14789,64,36,0,400,0,0,10,4.33
2nd_wsb_133.xml,조선왕조실록,肅宗實錄補闕正誤 三十三年,정론-정론(政論),5349,2,2,0,123,0,0,2,0.37
2nd_wsb_134.xml,조선왕조실록,肅宗實錄補闕正誤 三十四年,정론-간쟁(諫諍),2071,2,2,0,88,0,0,5,0.97
2nd_wsb_135.xml,조선왕조실록,肅宗實錄補闕正誤 三十五年,인사-임면(任免),1534,3,3,0,33,0,0,6,1.96
2nd_wsb_136.xml,조선왕조실록,肅宗實錄補闕正誤 三十六年,왕실-국왕(國王),2196,5,5,0,39,0,0,1,2.28
2nd_wsb_137.xml,조선왕조실록,肅宗實錄補闕正誤 三十七年,인물(人物),1557,4,4,0,55,0,0,0,2.57
2nd_wsb_138.xml,조선왕조실록,肅宗實錄補闕正誤 三十八年,정론-정론(政論),14785,53,16,0,493,0,0,0,3.58
2nd_wsb_139.xml,조선왕조실록,肅宗實錄補闕正誤 三十九年,왕실-국왕(國王),8156,36,22,0,282,0,0,2,4.41
2nd_wsb_140.xml,조선왕조실록,肅宗實錄補闕正誤 四十年,인물(人物),2488,44,40,0,79,0,0,4,17.68
2nd_wsb_141.xml,조선왕조실록,肅宗實錄補闕正誤 四十一年,정론-정론(政論),3536,41,23,0,78,0,0,8,11.6
2nd_wsb_142.xml,조선왕조실록,肅宗實錄補闕正誤 四十二年,정론-정론(政論),24640,69,37,0,805,0,0,43,2.8
2nd_wsb_143.xml,조선왕조실록,肅宗實錄補闕正誤 四十三年,정론-정론(政論),13934,38,31,0,512,0,0,10,2.73
2nd_wsb_144.xml,조선왕조실록,肅宗實錄補闕正誤 四十四年,사상-유학(儒學),5701,27,20,0,208,0,0,4,4.74
2nd_wsb_145.xml,조선왕조실록,肅宗實錄補闕正誤 四十五年,인사-임면(任免),2148,28,16,0,53,0,0,0,13.04
2nd_wsb_146.xml,조선왕조실록,肅宗實錄補闕正誤 四十六年,사법-치안(治安),1099,4,4,0,34,0,0,0,3.64
2nd_wta_100.xml,조선왕조실록,景宗實錄 卽位年,왕실-국왕(國王),36327,165,85,0,1129,0,0,46,4.54
2nd_wta_101.xml,조선왕조실록,景宗實錄 元年,과학-천기(天氣),81703,412,223,0,2558,0,0,32,5.04
2nd_wta_102.xml,조선왕조실록,景宗實錄 二年,과학-천기(天氣),139294,769,373,0,6588,0,0,39,5.52
2nd_wta_103.xml,조선왕조실록,景宗實錄 三年,정론-정론(政論),60165,526,293,0,2428,0,0,19,8.74
2nd_wta_104.xml,조선왕조실록,景宗實錄 四年,인사(人事),31469,305,164,0,1641,0,0,12,9.69
2nd_wta_200.xml,조선왕조실록,附錄,왕실(王室),6004,34,20,0,123,0,0,11,5.66
2nd_wtb_100.xml,조선왕조실록,景宗修正實錄 卽位年,왕실(王室),19319,118,58,0,403,0,0,38,6.11
2nd_wtb_101.xml,조선왕조실록,景宗修正實錄 元年,과학(科學),32868,103,71,0,918,0,0,26,3.13
2nd_wtb_102.xml,조선왕조실록,景宗修正實錄 二年,정론-간쟁(諫諍),50786,185,127,0,2516,0,0,10,3.64
2nd_wtb_103.xml,조선왕조실록,景宗修正實錄 三年,왕실(王室),13438,107,79,0,676,0,0,8,7.96
2nd_wtb_104.xml,조선왕조실록,景宗修正實錄 四年,사법(司法),3250,35,30,0,231,0,0,2,10.77
2nd_wua_000.xml,조선왕조실록,英祖實錄,왕실-종사(宗社),94,2,2,0,9,0,0,0,21.28
2nd_wua_100.xml,조선왕조실록,英祖實錄 卽位年,왕실-종사(宗社),86132,387,176,0,2572,0,0,99,4.49
2nd_wua_101.xml,조선왕조실록,英祖實錄 元年,농업(農業),211335,995,435,0,8806,0,0,101,4.71
2nd_wua_102.xml,조선왕조실록,英祖實錄 二年,과학-천기(天氣),73090,415,213,0,2117,0,0,47,5.68
2nd_wua_103.xml,조선왕조실록,英祖實錄 三年,왕실(王室),132325,639,296,0,4946,0,0,104,4.83
2nd_wua_104.xml,조선왕조실록,英祖實錄 四年,과학-역법(曆法),168987,2112,511,0,7311,0,0,56,12.5
2nd_wua_105.xml,조선왕조실록,英祖實錄 五年,농업-권농(勸農),149397,881,354,0,5910,0,0,69,5.9
2nd_wua_106.xml,조선왕조실록,英祖實錄 六年,왕실-국왕(國王),102932,537,248,0,4046,0,0,60,5.22
2nd_wua_107.xml,조선왕조실록,英祖實錄 七年,왕실-의식(儀式),87442,689,327,0,2901,0,0,70,7.88
2nd_wua_108.xml,조선왕조실록,英祖實錄 八年,과학-역법(曆法),55744,531,255,0,2051,0,0,63,9.53
2nd_wua_109.xml,조선왕조실록,英祖實錄 九年,정론-정론(政論),142099,1081,411,0,4894,0,0,130,7.61
2nd_wua_110.xml,조선왕조실록,英祖實錄 十年,과학-천기(天氣),100304,747,329,0,4161,0,0,125,7.45
2nd_wua_111.xml,조선왕조실록,英祖實錄 十一年,과학-역법(曆法),47735,371,207,0,2237,0,0,32,7.77
2nd_wua_112.xml,조선왕조실록,英祖實錄 十二年,농업-권농(勸農),70530,420,223,0,2970,0,0,75,5.95
2nd_wua_113.xml,조선왕조실록,英祖實錄 十三年,과학-천기(天氣),88156,436,229,0,3471,0,0,46,4.95
2nd_wua_114.xml,조선왕조실록,英祖實錄 十四年,과학-역법(曆法),44687,366,198,0,2080,0,0,40,8.19
2nd_wua_115.xml,조선왕조실록,英祖實錄 十五年,과학-역법(曆法),71368,440,210,0,3006,0,0,54,6.17
2nd_wua_116.xml,조선왕조실록,英祖實錄 十六年,과학-역법(曆法),70099,395,180,0,2887,0,0,65,5.63
2nd_wua_117.xml,조선왕조실록,英祖實錄 十七年,왕실-국왕(國王),73955,367,213,0,3137,0,0,73,4.96
2nd_wua_118.xml,조선왕조실록,英祖實錄 十八年,과학-천기(天氣),60057,290,158,0,1965,0,0,51,4.83
2nd_wua_119.xml,조선왕조실록,英祖實錄 十九年,왕실-의식(儀式),73793,401,216,0,2390,0,0,111,5.43
2nd_wua_120.xml,조선왕조실록,英祖實錄 二十年,과학-천기(天氣),78600,488,246,0,2234,0,0,128,6.21
2nd_wua_121.xml,조선왕조실록,英祖實錄 二十一年,왕실-경연(經筵),59651,580,288,0,2548,0,0,71,9.72
2nd_wua_122.xml,조선왕조실록,英祖實錄 二十二年,왕실-의식(儀式),57287,462,262,0,2298,0,0,112,8.06
2nd_wua_123.xml,조선왕조실록,英祖實錄 二十三年,왕실-의식(儀式),70701,485,241,0,2392,0,0,131,6.86
2nd_wua_124.xml,조선왕조실록,英祖實錄 二十四年,왕실(王室),80825,599,248,0,3300,0,0,77,7.41
2nd_wua_125.xml,조선왕조실록,英祖實錄 二十五年,농업(農業),62631,470,233,0,2310,0,0,73,7.5
2nd_wua_126.xml,조선왕조실록,英祖實錄 二十六年,과학(科學),57054,375,198,0,1666,0,0,71,6.57
2nd_wua_127.xml,조선왕조실록,英祖實錄 二十七年,왕실-경연(經筵),52979,376,210,0,1575,0,0,41,7.1
2nd_wua_128.xml,조선왕조실록,英祖實錄 二十八年,사법(司法),89916,521,240,0,2573,0,0,83,5.79
2nd_wua_129.xml,조선왕조실록,英祖實錄 二十九年,왕실(王室),62090,440,207,0,2048,0,0,73,7.09
2nd_wua_130.xml,조선왕조실록,英祖實錄 三十年,농업-권농(勸農),73643,660,306,0,2253,0,0,124,8.96
2nd_wua_131.xml,조선왕조실록,英祖實錄 三十一年,정론(政論),91169,694,294,0,4466,0,0,94,7.61
2nd_wua_132.xml,조선왕조실록,英祖實錄 三十二年,왕실-국왕(國王),54152,541,233,0,1714,0,0,144,9.99
2nd_wua_133.xml,조선왕조실록,英祖實錄 三十三年,왕실-경연(經筵),61073,737,276,0,1652,0,0,184,12.07
2nd_wua_134.xml,조선왕조실록,英祖實錄 三十四年,왕실-의식(儀式),54597,770,251,0,1416,0,0,163,14.1
2nd_wua_135.xml,조선왕조실록,英祖實錄 三十五年,왕실-국왕(國王),45964,590,153,0,1120,0,0,122,12.84
2nd_wua_136.xml,조선왕조실록,英祖實錄 三十六年,과학-천기(天氣),47269,656,256,0,1410,0,0,104,13.88
2nd_wua_137.xml,조선왕조실록,英祖實錄 三十七年,왕실-의식(儀式),59982,783,209,0,1701,0,0,141,13.05
2nd_wua_138.xml,조선왕조실록,英祖實錄 三十八年,왕실-의식(儀式),51674,729,229,0,1812,0,0,136,14.11
2nd_wua_139.xml,조선왕조실록,英祖實錄 三十九年,왕실-국왕(國王),58375,525,212,0,2775,0,0,86,8.99
2nd_wua_140.xml,조선왕조실록,英祖實錄 四十年,왕실-행행(行幸),57229,513,230,0,1795,0,0,101,8.96
2nd_wua_141.xml,조선왕조실록,英祖實錄 四十一年,왕실-의식(儀式),44499,455,209,0,1476,0,0,91,10.22
2nd_wua_142.xml,조선왕조실록,英祖實錄 四十二年,농업-권농(勸農),37671,261,126,0,1369,0,0,48,6.93
2nd_wua_143.xml,조선왕조실록,英祖實錄 四十三年,왕실-행행(行幸),58622,467,187,0,1962,0,0,72,7.97
2nd_wua_144.xml,조선왕조실록,英祖實錄 四十四年,왕실-의식(儀式),74433,583,247,0,2621,0,0,116,7.83
2nd_wua_145.xml,조선왕조실록,英祖實錄 四十五年,왕실-의식(儀式),47920,504,171,0,2056,0,0,90,10.52
2nd_wua_146.xml,조선왕조실록,英祖實錄 四十六年,왕실-행행(行幸),41784,611,269,0,1600,0,0,114,14.62
2nd_wua_147.xml,조선왕조실록,英祖實錄 四十七年,왕실-의식(儀式),64081,748,253,0,2364,0,0,146,11.67
2nd_wua_148.xml,조선왕조실록,英祖實錄 四十八年,왕실-행행(行幸),66920,764,211,0,2007,0,0,131,11.42
2nd_wua_149.xml,조선왕조실록,英祖實錄 四十九年,왕실-의식(儀式),41800,668,195,0,1318,0,0,87,15.98
2nd_wua_150.xml,조선왕조실록,英祖實錄 五十年,농업-권농(勸農),27060,411,139,0,965,0,0,26,15.19
2nd_wua_151.xml,조선왕조실록,英祖實錄 五十一年,재정-잡세(雜稅),64015,596,170,0,1658,0,0,82,9.31
2nd_wua_152.xml,조선왕조실록,英祖實錄 五十二年,왕실-종친(宗親),29916,209,65,0,610,0,0,24,6.99
2nd_wua_200.xml,조선왕조실록,附錄,왕실-국왕(國王),36383,359,203,0,1008,0,0,132,9.87
2nd_wva_000.xml,조선왕조실록,正祖實錄,왕실(王室),66,2,2,0,13,0,0,0,30.3
2nd_wva_100.xml,조선왕조실록,正祖實錄 卽位年,왕실-국왕(國王),148880,817,397,0,4785,0,0,171,5.49
2nd_wva_101.xml,조선왕조실록,正祖實錄 元年,왕실-의식(儀式),113112,707,364,0,3104,0,0,135,6.25
2nd_wva_102.xml,조선왕조실록,正祖實錄 二年,왕실-의식(儀式),151031,1214,535,0,2766,0,0,213,8.04
2nd_wva_103.xml,조선왕조실록,正祖實錄 三年,왕실-의식(儀式),106144,1115,532,0,2104,0,0,70,10.5
2nd_wva_104.xml,조선왕조실록,正祖實錄 四年,왕실-행행(行幸),101783,623,298,0,1966,0,0,136,6.12
2nd_wva_105.xml,조선왕조실록,正祖實錄 五年,농업-권농(勸農),164471,951,472,0,2757,0,0,309,5.78
2nd_wva_106.xml,조선왕조실록,正祖實錄 六年,구휼(救恤),85216,665,362,0,2334,0,0,110,7.8
2nd_wva_107.xml,조선왕조실록,正祖實錄 七年,왕실-의식(儀式),146010,1102,524,0,2218,0,0,134,7.55
2nd_wva_108.xml,조선왕조실록,正祖實錄 八年,왕실(王室),125000,953,520,0,2980,0,0,98,7.62
2nd_wva_109.xml,조선왕조실록,正祖實錄 九年,왕실(王室),103710,1156,509,0,3490,0,0,124,11.15
2nd_wva_110.xml,조선왕조실록,正祖實錄 十年,과학-천기(天氣),136899,704,353,0,3918,0,0,211,5.14
2nd_wva_111.xml,조선왕조실록,正祖實錄 十一年,왕실(王室),103232,1206,627,0,2265,0,0,100,11.68
2nd_wva_112.xml,조선왕조실록,正祖實錄 十二年,행정(行政),91438,637,379,0,2437,0,0,40,6.97
2nd_wva_113.xml,조선왕조실록,正祖實錄 十三年,정론(政論),105863,817,409,0,2355,0,0,109,7.72
2nd_wva_114.xml,조선왕조실록,正祖實錄 十四年,정론(政論),196813,2155,807,0,3397,0,0,94,10.95
2nd_wva_115.xml,조선왕조실록,正祖實錄 十五年,정론(政論),139166,1063,477,0,3214,0,0,159,7.64
2nd_wva_116.xml,조선왕조실록,正祖實錄 十六年,왕실(王室),174231,1215,562,0,3984,0,0,95,6.97
2nd_wva_117.xml,조선왕조실록,正祖實錄 十七年,왕실(王室),122369,1589,748,0,2379,0,0,102,12.99
2nd_wva_118.xml,조선왕조실록,正祖實錄 十八年,왕실(王室),186553,1450,587,0,2865,0,0,179,7.77
2nd_wva_119.xml,조선왕조실록,正祖實錄 十九年,과학(科學),150254,1545,682,0,2588,0,0,197,10.28
2nd_wva_120.xml,조선왕조실록,正祖實錄 二十年,왕실(王室),119193,1284,596,0,2813,0,0,185,10.77
2nd_wva_121.xml,조선왕조실록,正祖實錄 二十一年,왕실-행행(行幸),106168,1036,418,0,2229,0,0,199,9.76
2nd_wva_122.xml,조선왕조실록,正祖實錄 二十二年,왕실-국왕(國王),171891,1705,771,0,2329,0,0,207,9.92
2nd_wva_123.xml,조선왕조실록,正祖實錄 二十三年,농업-권농(勸農),127964,1149,589,0,2467,0,0,287,8.98
2nd_wva_124.xml,조선왕조실록,正祖實錄 二十四年,왕실-의식(儀式),108391,509,277,0,1883,0,0,162,4.7
2nd_wva_200.xml,조선왕조실록,附錄,왕실-국왕(國王),51258,462,237,0,1097,0,0,230,9.01
2nd_wva_300.xml,조선왕조실록,正祖實錄 附錄續編,왕실(王室),9008,67,49,0,269,0,0,51,7.44
2nd_wwa_000.xml,조선왕조실록,純祖實錄,왕실-국왕(國王),48,2,2,0,9,0,0,0,41.67
2nd_wwa_100.xml,조선왕조실록,純祖實錄 卽位年,왕실-국왕(國王),49489,269,144,0,1367,0,0,50,5.44
2nd_wwa_101.xml,조선왕조실록,純祖實錄 元年,왕실-의식(儀式),122636,629,301,0,3876,0,0,63,5.13
2nd_wwa_102.xml,조선왕조실록,純祖實錄 二年,왕실-의식(儀式),43093,435,227,0,1130,0,0,50,10.09
2nd_wwa_103.xml,조선왕조실록,純祖實錄 三年,왕실-궁관(宮官),48765,401,233,0,1209,0,0,42,8.22
2nd_wwa_104.xml,조선왕조실록,純祖實錄 四年,농업-권농(勸農),41306,357,202,0,1301,0,0,48,8.64
2nd_wwa_105.xml,조선왕조실록,純祖實錄 五年,농업-권농(勸農),40822,458,224,0,1147,0,0,66,11.22
2nd_wwa_106.xml,조선왕조실록,純祖實錄 六年,왕실(王室),89526,418,188,0,2873,0,0,55,4.67
2nd_wwa_107.xml,조선왕조실록,純祖實錄 七年,왕실(王室),44835,413,215,0,1315,0,0,44,9.21
2nd_wwa_108.xml,조선왕조실록,純祖實錄 八年,왕실-종사(宗社),35507,577,319,0,1331,0,0,55,16.25
2nd_wwa_109.xml,조선왕조실록,純祖實錄 九年,윤리-강상(綱常),55742,435,209,0,1112,0,0,114,7.8
2nd_wwa_110.xml,조선왕조실록,純祖實錄 十年,왕실-국왕(國王),46698,364,194,0,808,0,0,40,7.79
2nd_wwa_111.xml,조선왕조실록,純祖實錄 十一年,왕실-사급(賜給),56711,1041,394,0,788,0,0,57,18.36
2nd_wwa_112.xml,조선왕조실록,純祖實錄 十二年,왕실-의식(儀式),80868,1409,359,0,3019,0,0,12,17.42
2nd_wwa_113.xml,조선왕조실록,純祖實錄 十三年,과학-천기(天氣),18691,362,226,0,597,0,0,4,19.37
2nd_wwa_114.xml,조선왕조실록,純祖實錄 十四年,왕실-비빈(妃嬪),34882,443,239,0,1024,0,0,29,12.7
2nd_wwa_115.xml,조선왕조실록,純祖實錄 十五年,왕실-의식(儀式),26524,241,146,0,748,0,0,68,9.09
2nd_wwa_116.xml,조선왕조실록,純祖實錄 十六年,호구-이동(移動),31208,313,204,0,904,0,0,44,10.03
2nd_wwa_117.xml,조선왕조실록,純祖實錄 十七年,왕실(王室),32864,200,136,0,807,0,0,37,6.09
2nd_wwa_118.xml,조선왕조실록,純祖實錄 十八年,왕실-의식(儀式),29555,165,95,0,748,0,0,17,5.58
2nd_wwa_119.xml,조선왕조실록,純祖實錄 十九年,왕실(王室),28586,167,96,0,708,0,0,43,5.84
2nd_wwa_120.xml,조선왕조실록,純祖實錄 二十年,왕실-의식(儀式),18446,149,102,0,381,0,0,6,8.08
2nd_wwa_121.xml,조선왕조실록,純祖實錄 二十一年,왕실-의식(儀式),52971,334,161,0,1320,0,0,98,6.31
2nd_wwa_122.xml,조선왕조실록,純祖實錄 二十二年,왕실-사급(賜給),27766,467,292,0,908,0,0,21,16.82
2nd_wwa_123.xml,조선왕조실록,純祖實錄 二十三年,왕실(王室),38577,247,128,0,831,0,0,46,6.4
2nd_wwa_124.xml,조선왕조실록,純祖實錄 二十四年,왕실(王室),17903,261,130,0,456,0,0,4,14.58
2nd_wwa_125.xml,조선왕조실록,純祖實錄 二十五年,왕실(王室),20054,226,126,0,479,0,0,5,11.27
2nd_wwa_126.xml,조선왕조실록,純祖實錄 二十六年,왕실-사급(賜給),17808,227,134,0,638,0,0,2,12.75
2nd_wwa_127.xml,조선왕조실록,純祖實錄 二十七年,농업-권농(勸農),67572,316,148,0,1440,0,0,20,4.68
2nd_wwa_128.xml,조선왕조실록,純祖實錄 二十八年,왕실(王室),20808,231,130,0,483,0,0,18,11.1
2nd_wwa_129.xml,조선왕조실록,純祖實錄 二十九年,왕실-의식(儀式),37318,361,228,0,946,0,0,55,9.67
2nd_wwa_130.xml,조선왕조실록,純祖實錄 三十年,왕실(王室),47269,260,164,0,1140,0,0,43,5.5
2nd_wwa_131.xml,조선왕조실록,純祖實錄 三十一年,농업-권농(勸農),11507,147,108,0,438,0,0,13,12.77
2nd_wwa_132.xml,조선왕조실록,純祖實錄 三十二年,왕실(王室),29474,413,272,0,921,0,0,7,14.01
2nd_wwa_133.xml,조선왕조실록,純祖實錄 三十三年,농업-권농(勸農),27482,259,160,0,604,0,0,17,9.42
2nd_wwa_134.xml,조선왕조실록,純祖實錄 三十四年,농업-권농(勸農),24775,166,95,0,542,0,0,35,6.7
2nd_wwa_200.xml,조선왕조실록,附錄,왕실(王室),21972,134,87,0,407,0,0,10,6.1
2nd_wxa_000.xml,조선왕조실록,憲宗實錄,왕실-종사(宗社),275,9,6,0,13,0,0,0,32.73
2nd_wxa_100.xml,조선왕조실록,憲宗實錄 卽位年,왕실(王室),2389,14,12,0,37,0,0,1,5.86
2nd_wxa_101.xml,조선왕조실록,憲宗實錄 元年,왕실-궁관(宮官),11630,370,61,0,338,0,0,6,31.81
2nd_wxa_102.xml,조선왕조실록,憲宗實錄 二年,왕실(王室),10838,323,62,0,321,0,0,14,29.8
2nd_wxa_103.xml,조선왕조실록,憲宗實錄 三年,왕실(王室),12957,342,75,0,324,0,0,3,26.39
2nd_wxa_104.xml,조선왕조실록,憲宗實錄 四年,왕실(王室),9125,288,63,0,256,0,0,7,31.56
2nd_wxa_105.xml,조선왕조실록,憲宗實錄 五年,왕실(王室),17638,284,110,0,348,0,0,5,16.1
2nd_wxa_106.xml,조선왕조실록,憲宗實錄 六年,구휼(救恤),16763,301,155,0,417,0,0,1,17.96
2nd_wxa_107.xml,조선왕조실록,憲宗實錄 七年,인사(人事),12315,198,79,0,320,0,0,5,16.08
2nd_wxa_108.xml,조선왕조실록,憲宗實錄 八年,인사(人事),7893,311,195,0,397,0,0,0,39.4
2nd_wxa_109.xml,조선왕조실록,憲宗實錄 九年,인사(人事),7135,137,67,0,231,0,0,5,19.2
2nd_wxa_110.xml,조선왕조실록,憲宗實錄 十年,왕실-사급(賜給),9705,162,75,0,298,0,0,6,16.69
2nd_wxa_111.xml,조선왕조실록,憲宗實錄 十一年,왕실(王室),10527,214,74,0,300,0,0,20,20.33
2nd_wxa_112.xml,조선왕조실록,憲宗實錄 十二年,왕실(王室),14956,283,124,0,366,0,0,6,18.92
2nd_wxa_113.xml,조선왕조실록,憲宗實錄 十三年,왕실(王室),14401,255,141,0,377,0,0,0,17.71
2nd_wxa_114.xml,조선왕조실록,憲宗實錄 十四年,왕실(王室),11056,191,91,0,396,0,0,11,17.28
2nd_wxa_115.xml,조선왕조실록,憲宗實錄 十五年,왕실(王室),3998,59,36,0,104,0,0,1,14.76
2nd_wxa_200.xml,조선왕조실록,附錄,왕실(王室),13907,70,43,0,229,0,0,14,5.03
2nd_wya_000.xml,조선왕조실록,哲宗實錄,왕실(王室),281,10,9,0,23,0,0,0,35.59
2nd_wya_100.xml,조선왕조실록,哲宗實錄 卽位年,왕실(王室),12316,102,54,0,630,0,0,12,8.28
2nd_wya_101.xml,조선왕조실록,哲宗實錄 元年,과학(科學),8719,231,123,0,426,0,0,6,26.49
2nd_wya_102.xml,조선왕조실록,哲宗實錄 二年,왕실(王室),24144,378,212,0,892,0,0,26,15.66
2nd_wya_103.xml,조선왕조실록,哲宗實錄 三年,왕실(王室),9979,156,69,0,374,0,0,4,15.63
2nd_wya_104.xml,조선왕조실록,哲宗實錄 四年,왕실(王室),8619,132,52,0,493,0,0,4,15.32
2nd_wya_105.xml,조선왕조실록,哲宗實錄 五年,왕실(王室),9420,266,156,0,464,0,0,2,28.24
2nd_wya_106.xml,조선왕조실록,哲宗實錄 六年,과학(科學),22700,188,80,0,824,0,0,13,8.28
2nd_wya_107.xml,조선왕조실록,哲宗實錄 七年,왕실(王室),8829,175,78,0,292,0,0,3,19.82
2nd_wya_108.xml,조선왕조실록,哲宗實錄 八年,왕실(王室),24704,299,192,0,663,0,0,23,12.1
2nd_wya_109.xml,조선왕조실록,哲宗實錄 九年,왕실(王室),11498,230,125,0,540,0,0,3,20.0
2nd_wya_110.xml,조선왕조실록,哲宗實錄 十年,왕실(王室),9077,211,83,0,414,0,0,5,23.25
2nd_wya_111.xml,조선왕조실록,哲宗實錄 十一年,왕실(王室),7717,205,102,0,385,0,0,2,26.56
2nd_wya_112.xml,조선왕조실록,哲宗實錄 十二年,인사(人事),9749,152,75,0,489,0,0,3,15.59
2nd_wya_113.xml,조선왕조실록,哲宗實錄 十三年,왕실(王室),18016,375,160,0,712,0,0,3,20.81
2nd_wya_114.xml,조선왕조실록,哲宗實錄 十四年,인사(人事),10466,135,78,0,376,0,0,10,12.9
2nd_wya_200.xml,조선왕조실록,附錄,왕실(王室),13609,78,46,0,289,0,0,11,5.73
sa_001.xml,한국사료총서,한국사료총서,사부(史部)_잡사류(雜史類),249420,3371,1017,2,7605,349,1527,92,13.52
sa_002.xml,한국사료총서,騎驢隨筆,사부(史部)_전기류(傳記類),235646,3589,897,16,10129,259,1132,103,15.23
sa_003.xml,한국사료총서,海鶴遺書,집부(集部)_별집류(別集類),86039,674,526,1,624,121,265,49,7.83
sa_004.xml,한국사료총서,韋庵文稿,집부(集部)_별집류(別集類),255895,3122,565,3,3925,81,446,578,12.2
sa_007.xml,한국사료총서,從政年表 陰晴史,사부(史部)_사표류(史表類),198567,2431,520,27,5998,482,2840,202,12.24
sa_008.xml,한국사료총서,閔忠正公遺稿,집부(集部)_별집류(別集類),101039,1300,404,248,1131,153,840,33,12.87
sa_009.xml,한국사료총서,壬戌錄,사부(史部)_잡사류(雜史類),204479,1657,453,0,2978,528,1896,48,8.1
sa_011.xml,한국사료총서,東學亂記錄 上,사부(史部)_잡사류(雜史類),299256,4157,536,0,5443,1450,3560,59,13.89
sa_012.xml,한국사료총서,東學亂記錄 下,사부(史部)_잡사류(雜史類),263961,5685,1086,0,8839,1148,3714,34,21.54
sa_013.xml,한국사료총서,續陰晴史 上,사부(史部)_잡사류(雜史類),258344,3797,423,0,10114,861,2080,155,14.7
sa_014.xml,한국사료총서,續陰晴史 下,사부(史部)_잡사류(雜史類),329903,5622,334,0,12069,608,2836,62,17.04
sa_015.xml,한국사료총서,貞蕤集 附北學議,집부(集部)_별집류(別集類),184214,312,160,0,1610,31,135,128,1.69
sa_019.xml,한국사료총서,西征日記 陣中日記,사부(史部)_잡사류(雜史類),191306,1989,272,0,4812,344,1424,6,10.4
sa_020.xml,한국사료총서,邊例集要 上,사부(史部)_정서류(政書類),234816,1207,173,1,1362,420,1664,6,5.14
sa_021.xml,한국사료총서,邊例集要 下,사부(史部)_정서류(政書類),313468,1407,302,0,3215,949,3207,69,4.49
sa_023.xml,한국사료총서,心山遺稿,집부(集部)_별집류(別集類),198184,820,353,7,4293,61,338,105,4.14
sa_024.xml,한국사료총서,尹致昊日記 一,사부(史部)_잡사류(雜史類),136613,991,200,201,3407,235,654,110,7.25
sa_036.xml,한국사료총서,輿地圖書 上,사부(史部)_지리류(地理類),1045967,24919,11820,0,14613,2517,7971,212,23.82
sa_037.xml,한국사료총서,輿地圖書 下,사부(史部)_지리류(地理類),1175256,19093,6133,0,22650,3103,10118,379,16.25
sa_038.xml,한국사료총서,昭義新編,사부(史部)_잡사류(雜史類),164688,210,92,1,3143,2,171,87,1.28
sa_039.xml,한국사료총서,靑又日錄,사부(史部)_잡사류(雜史類),175174,755,298,0,4868,606,2097,268,4.31
sa_040.xml,한국사료총서,韓溪遺稿 一,집부(集部)_별집류(別集類),171541,364,203,2,2297,75,286,229,2.12
sa_041.xml,한국사료총서,韓溪遺稿 二,집부(集部)_별집류(別集類),198764,203,110,0,2118,25,152,323,1.02
sa_042.xml,한국사료총서,韓溪遺稿 三,집부(集部)_별집류(別集類),197208,122,74,0,2511,13,63,384,0.62
sa_043.xml,한국사료총서,韓溪遺稿 四,집부(集部)_별집류(別集類),188477,123,72,0,2253,8,41,501,0.65
sa_044.xml,한국사료총서,韓溪遺稿 五,집부(集部)_별집류(別集類),195553,280,118,0,2494,41,117,400,1.43
sa_045.xml,한국사료총서,韓溪遺稿 六,집부(集部)_별집류(別集類),214059,382,186,0,2572,97,452,465,1.78
sa_046.xml,한국사료총서,韓溪遺稿 七,집부(集部)_별집류(別集類),287730,1251,389,0,6016,115,1022,548,4.35
sa_047.xml,한국사료총서,韓溪遺稿 八,집부(集部)_별집류(別集類),231067,1878,280,0,2639,14,73,172,8.13
sa_048.xml,한국사료총서,韓溪遺稿 九,집부(集部)_별집류(別集類),186779,117,75,0,1472,46,387,369,0.63
sa_049.xml,한국사료총서,同文彙考 一,미상,910043,3923,584,0,8383,410,0,139,4.31
sa_050.xml,한국사료총서,同文彙考 二,미상,915528,4768,1101,8,12973,487,0,212,5.21
sa_051.xml,한국사료총서,同文彙考 三,미상,876954,4259,696,0,5535,0,0,97,4.86
sa_052.xml,한국사료총서,同文彙考 四,미상,942125,6747,1358,0,7619,497,0,94,7.16
sa_053.xml,한국사료총서,龍湖閒錄 一,사부(史部)_잡사류(雜史類),292552,535,203,0,3780,337,1417,289,1.83
sa_054.xml,한국사료총서,龍湖閒錄 二,사부(史部)_잡사류(雜史類),275481,620,366,0,11579,181,2044,764,2.25
sa_055.xml,한국사료총서,龍湖閒錄 三,사부(史部)_잡사류(雜史類),231513,923,327,0,4043,797,2351,116,3.99
sa_056.xml,한국사료총서,龍湖閒錄 四,사부(史部)_잡사류(雜史類),237733,1209,469,0,3745,690,2297,164,5.09
sa_057.xml,한국사료총서,"鳳棲日記, 鳳南日記 (附 晦山日記)",사부(史部)_잡사류(雜史類),197259,4772,1064,0,3425,52,371,42,24.19
sa_058.xml,한국사료총서,羅巖隨錄,사부(史部)_기사본말류(紀史本末類),241892,1974,572,1,3738,478,1767,79,8.16
sa_060.xml,한국사료총서,日新,사부(史部)_편년류(編年類),409399,4159,1253,3,4558,2172,3543,132,10.16
sa_061.xml,한국사료총서,關東倡義錄,사부(史部)_잡사류(雜史類),128403,979,308,0,2138,64,326,38,7.62
sa_062.xml,한국사료총서,響山日記,사부(史部)_잡사류(雜史類),255470,6170,1541,1,7280,245,1416,345,24.15
sa_063.xml,한국사료총서,道東淵源錄 附ㆍ鞱庵集,사부(史部)_전기류(傳記類),146011,840,307,0,3469,87,1044,377,5.75
sa_064.xml,한국사료총서,東史約 上,사부(史部)_별사류(別史類),658040,9721,1548,0,30524,976,6035,778,14.77
sa_065.xml,한국사료총서,東史約 下,사부(史部)_별사류(別史類),582914,1951,477,0,21845,704,4254,243,3.35
sa_069.xml,한국사료총서,竹溪日記,사부(史部)_잡사류(雜史類),180925,2393,555,0,12251,545,7347,21,13.23
sa_070.xml,한국사료총서,壬辰記錄 龍灣聞見錄,사부(史部)_잡사류(雜史類),77854,547,229,10,901,57,540,29,7.03
sa_071.xml,한국사료총서,龍蛇雜錄,사부(史部)_잡사류(雜史類),36467,282,127,0,519,42,305,16,7.73
sa_072.xml,한국사료총서,朝鮮時代史草Ⅰ,사부(史部)_잡사류(雜史類),164155,868,282,0,3521,686,1880,38,5.29
sa_073.xml,한국사료총서,朝鮮時代史草 Ⅱ,사부(史部)_잡사류(雜史類),162189,323,161,0,3898,898,3139,53,1.99
sa_074.xml,한국사료총서,溪巖日錄 上,사부(史部)_잡사류(雜史類),318380,4108,700,12,16816,303,3170,59,12.9
sa_075.xml,한국사료총서,溪巖日錄 下,사부(史部)_잡사류(雜史類),288889,4157,520,12,12605,224,3167,73,14.39
sa_076.xml,한국사료총서,默齋日記 上,사부(史部)_잡사류(雜史類),421115,4999,617,34,22626,359,5616,606,11.87
sa_077.xml,한국사료총서,默齋日記 下,사부(史部)_잡사류(雜史類),364817,4711,571,35,17092,229,4937,369,12.91
sa_078.xml,한국사료총서,導哉日記 戒逸軒日記 雜記,사부(史部)_잡사류(雜史類),342176,5129,1311,28,14263,877,4546,118,14.99
sa_079.xml,한국사료총서,鄕兵日記 梅園日記,사부(史部)_잡사류(雜史類),268209,4694,595,42,17308,28,1698,373,17.5
sa_080.xml,한국사료총서,默齋日記 汝溫日記 果軒日記,사부(史部)_잡사류(雜史類),294457,8293,1150,63,15999,29,862,111,28.16
sa_081.xml,한국사료총서,觀瀾齋日記,사부(史部)_잡사류(雜史類),563122,3673,512,2,8684,186,280,45,6.52
sa_082.xml,한국사료총서,愚谷日記 野言記略,사부(史部)_잡사류(雜史類),366521,4935,637,0,17775,602,6507,39,13.46
sa_083.xml,한국사료총서,日本所在韓國古文書,미상,216192,1358,514,0,8496,845,3245,21,6.28
sa_084.xml,한국사료총서,淸臺日記 上,사부(史部)_잡사류(雜史類),183863,2061,564,1,5720,257,1545,71,11.21
sa_085.xml,한국사료총서,淸臺日記 下,사부(史部)_잡사류(雜史類),203595,3272,792,0,7238,488,2204,180,16.07
