끝글자,총합,승정원일기,조선왕조실록,한국사료총서,고순종실록,고려사,고려사절요,삼국사기,삼국유사
宮,149863,139405,8224,499,1731,4,0,0,0
州,122743,63654,38128,14825,1492,2720,1300,504,120
道,88384,40728,42888,1900,2022,606,227,10,3
門,86860,79940,6473,184,249,7,3,3,1
山,77110,39712,20903,13923,1156,679,239,291,207
陵,71462,60225,9107,450,1579,57,33,10,1
殿,70900,51756,15759,1,3384,0,0,0,0
川,56808,32024,13649,10220,646,126,40,76,27
城,53985,29176,14571,7686,952,810,450,318,22
堂,46788,40059,6297,108,321,3,0,0,0
島,41977,29890,7510,3178,691,475,213,12,8
府,41445,29042,7960,1979,1847,397,188,17,15
南,38184,34113,1509,1843,551,98,54,12,4
縣,37979,25680,5579,3686,507,1229,284,980,34
廟,35794,32269,2850,6,668,1,0,0,0
西,29459,27449,880,573,483,29,17,26,2
陽,29125,17673,6546,4195,299,286,112,10,4
原,27996,17151,7868,2317,408,134,50,63,5
畿,27741,18671,8110,235,641,67,17,0,0
安,26039,14591,8470,2403,416,108,35,11,5
里,19890,3862,2270,13499,125,62,24,29,19
東,19883,9819,6345,3163,174,181,89,87,25
閣,19136,18117,897,25,96,1,0,0,0
郡,19111,11644,3115,2091,908,749,102,445,57
海,18118,10543,5351,1677,333,133,60,16,5
浦,17474,7243,6525,2967,261,340,105,17,16
興,16768,10540,4180,1577,387,65,18,1,0
國,15868,148,7163,5252,3253,23,5,20,4
羅,14691,6944,4993,1901,356,325,159,10,3
漢,14531,6632,7151,499,243,3,1,2,0
都,13838,11840,738,799,158,179,110,6,8
洞,13795,5287,2233,6014,141,84,29,0,7
壇,13461,13068,242,2,148,1,0,0,0
津,13282,7676,3045,2019,362,81,32,58,9
營,13013,12593,232,152,22,7,6,1,0
臺,12872,10360,1909,164,422,13,1,0,3
人,12794,35,12753,3,1,2,0,0,0
京,12620,5195,1721,3762,450,916,540,29,7
寧,12578,6292,4223,1830,154,62,17,0,0
倭,12399,49,12259,28,60,0,0,3,0
淸,11941,5383,4955,1099,428,53,23,0,0
江,11082,5168,4194,890,218,356,197,43,16
地,9953,9752,138,46,7,4,0,2,4
尙,9771,5569,3656,118,289,93,46,0,0
館,9255,5863,3303,35,48,4,2,0,0
平,8953,5031,2192,1476,138,80,25,11,0
北,8722,7760,421,279,196,25,34,6,1
園,8709,7858,530,173,141,5,1,1,0
嶺,8327,6136,1568,211,155,141,58,43,15
鮮,8089,14,4045,2808,1218,0,0,4,0
華,7956,4700,2260,552,227,141,76,0,0
壤,7853,3412,3164,847,188,89,28,112,13
德,7688,5087,1545,773,186,75,21,1,0
鎭,7205,4331,1726,528,280,236,103,1,0
關,6960,6034,510,279,106,18,12,1,0
本,6636,15,2942,2538,1126,2,0,13,0
面,6561,1387,250,4726,71,86,41,0,0
路,6543,5905,449,79,21,50,39,0,0
萊,6460,2829,1747,1629,227,18,6,4,0
院,6397,4059,1440,732,126,28,12,0,0
牧,6315,5603,236,260,167,41,6,1,1
仁,6211,3560,1077,1468,74,26,6,0,0
村,6131,2235,317,3374,19,75,29,47,35
唐,6001,103,5216,571,111,0,0,0,0
麗,5731,20,2428,3171,111,0,0,1,0
鏡,5681,3773,1637,70,201,0,0,0,0
湖,5627,5115,192,161,158,0,0,0,1
驛,5585,3125,1469,597,140,159,87,6,2
谷,5580,1528,513,3342,68,49,5,61,14
峴,5560,3788,861,762,46,41,17,27,18
昌,5532,2869,1500,1025,68,53,15,2,0
部,5532,5265,126,93,2,18,17,8,3
樓,5482,3704,1682,39,50,5,2,0,0
亭,5471,3157,1529,681,83,13,7,0,1
中,5370,4657,610,76,20,6,1,0,0
邊,5341,3234,1611,392,60,26,12,4,2
宋,4882,77,4259,425,121,0,0,0,0
稷,4776,4373,328,4,71,0,0,0,0
外,4771,4707,34,28,2,0,0,0,0
契,4731,4663,66,1,1,0,0,0,0
界,4721,2348,1768,227,50,204,123,0,1
寺,4597,1409,3039,104,43,1,0,0,1
源,4403,2115,1560,556,161,8,1,1,1
倉,4323,2585,1581,76,51,19,11,0,0
邑,4220,3078,216,863,42,16,4,1,0
墓,4105,3874,178,0,49,4,0,0,0
河,3829,2009,1209,512,23,30,6,35,5
水,3782,2129,1160,303,34,39,16,84,17
所,3741,3481,177,60,1,18,4,0,0
內,3678,3523,38,76,36,2,3,0,0
義,3589,2166,828,448,93,36,18,0,0
處,3496,3487,5,3,0,1,0,0,0
溪,3448,1244,632,1487,26,47,10,0,2
梁,3396,1828,1263,210,19,39,14,11,12
橋,3394,2545,490,289,44,18,8,0,0
巖,3374,1846,959,480,49,24,12,4,0
濟,3328,1097,1005,1168,27,21,10,0,0
天,3311,1631,960,640,46,19,12,1,2
湍,3285,2350,697,154,36,32,16,0,0
明,3248,169,2513,450,110,3,1,1,1
甸,3203,3052,38,60,52,1,0,0,0
閤,3098,2036,1045,0,17,0,0,0,0
化,3045,1722,707,524,30,44,18,0,0
祠,2992,2470,437,1,82,2,0,0,0
哈,2847,1,2820,26,0,0,0,0,0
胡,2739,12,2725,1,0,1,0,0,0
串,2497,1118,1193,104,16,48,16,2,0
同,2338,1296,560,431,29,15,7,0,0
燕,2287,1618,580,32,28,19,10,0,0
丘,2277,1030,569,585,53,15,3,17,5
和,2234,1465,551,115,54,35,14,0,0
桐,2227,1485,564,93,31,35,19,0,0
田,2222,974,357,822,28,30,9,0,2
岳,2208,1128,670,237,20,82,20,28,23
峯,2205,1495,417,202,28,51,9,2,1
淵,2195,1168,543,411,29,30,6,3,5
郊,2189,1887,138,45,6,42,71,0,0
左,2151,2074,58,7,7,0,1,4,0
光,2146,1257,466,327,65,21,10,0,0
靑,2117,1147,747,170,44,6,3,0,0
齋,2098,1903,95,31,69,0,0,0,0
坪,2096,867,355,854,10,3,0,1,6
林,2078,732,482,675,37,82,16,27,27
周,2078,110,1664,142,162,0,0,0,0
威,2008,1180,404,401,21,2,0,0,0
溝,1964,1036,373,489,59,4,3,0,0
坊,1936,590,307,966,23,48,2,0,0
泉,1935,787,397,712,16,18,1,3,1
庫,1905,1453,437,11,4,0,0,0,0
福,1881,1518,259,79,10,10,4,1,0
慶,1871,964,545,298,49,11,4,0,0
禮,1851,979,359,462,16,19,4,10,2
風,1847,1074,334,399,24,12,3,0,1
根,1762,1192,382,154,23,6,5,0,0
軒,1760,1558,119,20,63,0,0,0,0
忠,1759,1523,141,2,79,10,4,0,0
灣,1662,1269,184,142,66,1,0,0,0
陟,1644,1007,432,124,53,20,8,0,0
港,1640,1143,5,377,115,0,0,0,0
],1620,1604,16,0,0,0,0,0,0
右,1619,1590,14,4,8,0,0,3,0
衛,1608,163,1347,50,11,22,15,0,0
室,1588,1417,72,94,5,0,0,0,0
口,1581,1069,232,226,33,12,4,4,1
朝,1561,11,1461,49,40,0,0,0,0
坡,1550,933,361,240,11,5,0,0,0
阜,1548,730,284,477,44,9,4,0,0
松,1510,933,246,272,49,8,2,0,0
陰,1453,469,571,376,3,27,7,0,0
遼,1445,190,1078,104,5,44,12,12,0
賊,1437,1,1436,0,0,0,0,0,0
春,1423,882,365,126,31,18,1,0,0
間,1411,1382,22,6,1,0,0,0,0
越,1398,690,548,119,27,8,4,0,2
邱,1374,884,19,382,89,0,0,0,0
康,1333,703,497,98,11,13,5,2,4
恩,1317,606,421,267,14,7,2,0,0
日,1296,520,223,190,356,5,2,0,0
堤,1291,707,409,126,33,12,4,0,0
渡,1283,880,328,37,3,28,7,0,0
岩,1283,110,82,1046,0,34,8,0,3
站,1274,579,583,92,1,13,6,0,0
熙,1274,1241,33,0,0,0,0,0,0
堡,1259,381,665,192,21,0,0,0,0
靜,1249,771,250,187,13,17,11,0,0
上,1246,1091,30,121,1,1,0,1,1
次,1233,1219,1,6,0,3,0,4,0
基,1218,570,198,441,7,2,0,0,0
延,1195,215,952,20,3,4,1,0,0
豐,1185,687,366,83,14,25,10,0,0
蹄,1166,696,383,77,6,4,0,0,0
峰,1154,689,355,85,22,2,1,0,0
長,1147,671,260,191,6,13,6,0,0
美,1136,661,206,191,76,2,0,0,0
奴,1133,3,1115,14,0,1,0,0,0
翎,1115,810,233,61,10,1,0,0,0
潼,1112,585,448,65,13,1,0,0,0
甲,1088,904,161,20,3,0,0,0,0
項,1072,566,417,47,35,4,2,1,0
靈,1067,414,230,408,10,4,1,0,0
廳,1062,944,105,10,3,0,0,0,0
宗,1058,798,139,56,63,2,0,0,0
竹,1051,668,263,100,9,8,3,0,0
珍,1043,613,266,130,6,17,7,4,0
遠,1037,666,247,83,7,24,10,0,0
洛,1033,354,126,546,5,2,0,0,0
苑,1031,904,61,7,55,1,0,3,0
元,1030,38,615,349,8,10,10,0,0
登,1028,571,374,53,4,15,11,0,0
虜,999,0,980,2,0,12,5,0,0
澤,998,502,207,247,22,7,3,10,0
餘,986,511,228,208,11,7,5,14,2
社,986,234,79,624,49,0,0,0,0
三,978,811,142,21,4,0,0,0,0
張,973,586,244,127,10,3,3,0,0
韓,965,32,97,579,239,2,2,1,13
師,947,428,156,116,7,99,141,0,0
順,946,431,298,195,9,9,4,0,0
子,939,92,733,97,2,10,4,0,1
〕,922,1,918,1,2,0,0,0,0
岡,917,592,205,68,20,20,11,1,0
溫,898,139,746,3,8,1,1,0,0
學,891,846,24,3,18,0,0,0,0
洲,883,277,141,420,41,1,1,1,1
輔,858,838,2,5,13,0,0,0,0
下,844,633,193,17,1,0,0,0,0
潭,832,499,183,135,11,4,0,0,0
智,824,589,163,60,11,0,0,1,0
瀋,823,450,332,3,3,23,12,0,0
善,808,448,182,140,5,21,4,7,1
朱,807,532,147,112,16,0,0,0,0
古,807,115,326,362,1,2,1,0,0
秦,805,54,658,70,20,2,1,0,0
頃,797,542,153,77,17,5,2,0,1
柔,792,462,269,45,16,0,0,0,0
區,790,782,1,2,5,0,0,0,0
峙,772,309,110,350,3,0,0,0,0
岐,768,490,74,179,12,3,8,2,0
實,764,471,188,96,7,1,0,1,0
栗,761,516,176,57,3,7,2,0,0
連,752,517,127,87,20,0,0,1,0
悅,744,493,173,65,10,2,1,0,0
敞,743,457,102,179,4,1,0,0,0
晋,743,0,738,2,0,3,0,0,0
從,735,418,207,77,1,22,10,0,0
陂,719,432,204,64,13,6,0,0,0
戶,715,244,218,243,9,1,0,0,0
沿,712,640,0,1,71,0,0,0,0
澗,711,469,137,76,20,7,2,0,0
沙,710,350,140,202,4,7,2,3,2
鬐,703,391,174,132,3,2,1,0,0
域,691,662,18,6,0,2,0,0,3
禾,690,465,159,61,2,3,0,0,0
金,690,188,348,140,3,11,0,0,0
廣,687,177,351,51,2,77,29,0,0
齊,687,140,501,25,16,3,2,0,0
場,682,585,54,29,5,5,4,0,0
土,682,473,180,18,9,2,0,0,0
洪,679,210,455,6,2,4,1,1,0
龍,665,352,111,167,10,16,7,1,1
井,658,339,113,174,7,11,2,5,7
房,645,608,34,1,1,1,0,0,0
許,635,580,53,0,2,0,0,0,0
嘉,630,323,163,126,3,9,4,2,0
岑,623,363,95,144,6,3,1,11,0
灘,620,218,307,58,7,17,12,1,0
丹,606,230,170,184,22,0,0,0,0
俄,605,2,0,404,199,0,0,0,0
聖,589,467,91,14,17,0,0,0,0
楊,589,421,146,3,8,8,2,1,0
介,580,324,234,21,0,1,0,0,0
白,576,422,127,9,3,7,6,1,1
輦,576,567,9,0,0,0,0,0,0
眞,572,9,488,69,4,0,1,1,0
廛,561,561,0,0,0,0,0,0,0
署,559,543,15,1,0,0,0,0,0
馬,556,147,318,61,23,4,1,2,0
池,555,258,181,51,11,29,14,4,7
魯,552,129,394,12,13,3,1,0,0
峽,548,353,140,31,10,9,4,1,0
吉,548,101,420,11,4,9,2,0,1
果,543,310,148,78,6,1,0,0,0
泮,542,539,2,0,1,0,0,0,0
寶,525,263,125,134,3,0,0,0,0
球,496,39,339,113,5,0,0,0,0
雲,482,249,121,94,11,6,1,0,0
省,482,71,62,283,32,23,10,1,0
方,472,318,87,24,0,9,3,19,12
曲,470,158,17,233,6,39,9,7,1
宇,469,463,6,0,0,0,0,0,0
沛,467,401,61,1,4,0,0,0,0
知,465,340,91,17,2,4,0,7,4
塔,458,205,93,153,5,1,1,0,0
殷,458,35,312,70,36,4,1,0,0
寇,456,0,456,0,0,0,0,0,0
魏,454,16,359,68,11,0,0,0,0
〉,452,399,53,0,0,0,0,0,0
歧,451,48,378,11,0,13,0,1,0
石,429,238,81,101,0,5,0,3,1
建,426,76,208,138,1,1,1,1,0
楚,426,56,327,15,17,7,4,0,0
夷,420,190,142,74,13,0,0,1,0
蜀,418,151,219,29,5,10,1,3,0
前,413,224,45,142,2,0,0,0,0
骨,405,148,238,12,1,4,0,2,0
耳,396,220,161,14,1,0,0,0,0
藩,388,376,7,2,2,1,0,0,0
良,384,36,115,214,1,8,1,8,1
隋,384,0,315,59,10,0,0,0,0
市,383,148,31,193,10,0,0,0,1
昭,378,117,259,1,1,0,0,0,0
兆,375,283,2,7,81,1,1,0,0
會,373,140,225,4,3,1,0,0,0
頭,369,163,112,77,2,7,2,6,0
曙,368,209,151,5,1,2,0,0,0
政,365,223,128,6,7,1,0,0,0
夏,357,25,290,23,18,1,0,0,0
大,348,204,97,31,11,2,2,1,0
英,346,74,46,41,173,9,3,0,0
定,343,100,159,44,2,28,10,0,0
利,339,166,53,93,18,7,2,0,0
廊,338,331,3,4,0,0,0,0,0
街,331,235,53,29,6,3,5,0,0
角,330,198,130,1,1,0,0,0,0
淮,330,251,67,1,0,5,2,4,0
歡,329,176,51,94,4,4,0,0,0
文,327,182,62,50,9,16,7,1,0
嶽,327,88,140,19,3,56,15,5,1
達,327,114,168,30,3,10,2,0,0
積,325,259,47,5,12,1,1,0,0
戎,320,191,103,6,1,15,4,0,0
綠,318,80,191,6,2,25,11,2,1
月,317,224,41,46,1,5,0,0,0
屯,315,130,62,117,0,1,0,1,4
沁,313,230,17,0,66,0,0,0,0
樂,313,195,66,38,12,2,0,0,0
莒,309,59,106,141,1,2,0,0,0
團,306,156,145,3,0,2,0,0,0
校,302,167,10,3,122,0,0,0,0
壽,296,168,94,26,4,3,0,1,0
垣,294,267,25,0,2,0,0,0,0
庭,293,279,6,5,1,2,0,0,0
那,292,0,11,272,4,0,0,3,2
宣,291,128,141,1,0,14,7,0,0
摩,281,210,65,5,1,0,0,0,0
生,279,144,105,20,3,4,2,1,0
鳳,279,176,75,17,1,7,3,0,0
驪,275,207,57,5,0,3,3,0,0
墻,274,244,27,3,0,0,0,0,0
車,268,3,264,0,0,0,0,1,0
斤,264,206,37,10,2,2,0,7,0
吳,263,19,209,26,6,2,1,0,0
覓,262,158,91,1,1,8,3,0,0
塘,262,152,36,72,0,1,1,0,0
新,262,113,100,35,1,12,1,0,0
箕,259,203,14,2,40,0,0,0,0
野,256,69,101,69,10,2,1,2,2
豊,255,174,24,48,0,6,0,3,0
㺚,251,12,228,11,0,0,0,0,0
濱,250,44,29,164,4,6,3,0,0
高,247,189,35,1,0,13,9,0,0
兒,245,170,56,10,2,5,1,0,1
庵,245,70,145,28,1,1,0,0,0
崗,245,152,75,16,1,0,1,0,0
伊,245,108,91,23,5,11,0,7,0
商,243,9,197,27,10,0,0,0,0
殊,242,183,43,7,9,0,0,0,0
蘭,241,118,38,73,4,4,2,1,1
崎,239,17,36,178,8,0,0,0,0
錢,236,175,58,0,3,0,0,0,0
樹,232,159,38,18,2,9,2,4,0
寨,231,165,57,4,0,3,2,0,0
窩,231,150,31,50,0,0,0,0,0
泰,230,121,75,7,1,21,5,0,0
非,228,167,52,4,3,1,0,1,0
襄,228,116,98,12,0,1,0,1,0
晉,227,66,37,93,26,1,4,0,0
全,223,25,170,3,2,14,7,1,1
鄕,223,76,74,57,0,14,2,0,0
木,222,56,49,103,3,7,3,0,1
岾,222,9,188,5,0,8,5,0,7
黃,221,99,86,15,4,12,5,0,0
洋,220,132,8,29,48,2,1,0,0
薪,220,191,19,7,3,0,0,0,0
柵,215,171,22,0,7,2,4,8,1
鐵,213,114,84,1,0,10,4,0,0
回,213,6,41,158,1,4,3,0,0
闕,204,193,1,0,9,1,0,0,0
薊,203,83,108,5,2,2,2,1,0
咸,203,151,33,4,5,8,2,0,0
後,200,144,49,5,2,0,0,0,0
虞,199,26,166,5,2,0,0,0,0
完,196,135,6,0,55,0,0,0,0
農,194,169,16,7,2,0,0,0,0
均,192,4,187,1,0,0,0,0,0
忽,192,3,57,45,0,23,1,59,4
浙,191,48,108,16,0,13,6,0,0
朔,188,78,67,10,0,21,11,1,0
菴,186,75,95,15,1,0,0,0,0
成,185,50,56,46,1,9,3,20,0
浪,185,32,31,95,1,1,0,24,1
懷,180,155,24,0,1,0,0,0,0
錦,178,133,13,1,30,1,0,0,0
芝,178,128,26,17,7,0,0,0,0
幕,175,136,23,16,0,0,0,0,0
家,175,97,72,4,0,1,0,1,0
法,175,7,5,53,110,0,0,0,0
踏,174,143,25,5,1,0,0,0,0
舖,174,148,23,3,0,0,0,0,0
渭,171,95,60,0,3,11,2,0,0
蘇,171,37,35,73,2,11,10,3,0
司,170,158,4,5,3,0,0,0,0
舍,169,112,45,9,0,2,1,0,0
物,167,129,22,15,0,1,0,0,0
伐,166,5,21,129,0,2,0,8,1
淄,165,128,30,6,0,0,0,1,0
母,165,140,22,2,1,0,0,0,0
星,165,33,97,32,0,2,1,0,0
庄,163,43,29,90,0,1,0,0,0
店,163,114,14,35,0,0,0,0,0
邠,161,93,66,0,0,2,0,0,0
鄒,161,85,65,4,5,0,0,2,0
筒,161,132,29,0,0,0,0,0,0
麟,160,100,34,4,0,14,8,0,0
隅,160,90,45,23,2,0,0,0,0
居,159,48,85,21,0,4,0,1,0
鄭,158,27,123,2,6,0,0,0,0
芮,158,41,109,5,3,0,0,0,0
花,158,89,52,12,3,1,1,0,0
寵,156,117,27,5,7,0,0,0,0
媒,155,120,25,7,2,1,0,0,0
圻,155,1,111,42,1,0,0,0,0
行,154,37,57,4,53,3,0,0,0
章,153,107,45,1,0,0,0,0,0
通,148,58,56,21,3,5,0,5,0
老,147,16,119,9,0,1,0,2,0
獄,147,135,6,1,0,4,1,0,0
永,147,106,28,6,5,2,0,0,0
直,147,5,27,107,1,2,0,5,0
烏,146,97,25,15,0,4,1,3,1
裳,144,118,25,1,0,0,0,0,0
墨,141,40,36,1,64,0,0,0,0
虎,141,116,24,0,1,0,0,0,0
倻,140,9,12,118,1,0,0,0,0
看,140,0,140,0,0,0,0,0,0
枝,139,1,10,128,0,0,0,0,0
君,138,132,0,5,0,0,0,0,1
斯,138,17,5,81,32,0,0,0,3
才,136,36,73,27,0,0,0,0,0
閩,136,67,64,2,0,1,2,0,0
進,135,102,33,0,0,0,0,0,0
監,135,118,6,9,0,2,0,0,0
用,135,109,20,5,1,0,0,0,0
如,134,104,22,5,2,1,0,0,0
岸,133,112,7,12,0,1,0,1,0
干,132,1,119,12,0,0,0,0,0
畔,130,85,42,0,0,3,0,0,0
牙,129,17,7,97,3,3,0,2,0
禧,128,108,20,0,0,0,0,0,0
退,128,6,121,1,0,0,0,0,0
滿,127,71,43,6,7,0,0,0,0
武,127,39,51,15,11,7,0,3,1
暖,125,106,16,0,3,0,0,0,0
奇,125,88,18,13,3,3,0,0,0
泥,125,118,2,3,2,0,0,0,0
策,124,81,25,18,0,0,0,0,0
軍,121,18,29,69,0,4,1,0,0
賢,121,78,29,7,3,2,2,0,0
雀,119,92,21,5,1,0,0,0,0
怪,118,97,17,1,3,0,0,0,0
蕃,118,21,28,31,0,25,13,0,0
防,116,69,33,11,1,1,1,0,0
阿,114,28,67,13,2,2,0,2,0
度,113,7,8,91,7,0,0,0,0
害,112,65,47,0,0,0,0,0,0
嵒,112,0,1,101,0,10,0,0,0
猪,111,0,111,0,0,0,0,0,0
草,110,22,68,13,3,2,1,1,0
只,110,22,42,31,0,5,1,9,0
音,110,31,24,53,0,2,0,0,0
眠,109,89,18,1,1,0,0,0,0
釜,108,20,77,1,10,0,0,0,0
富,108,52,38,11,1,6,0,0,0
荊,107,84,22,0,1,0,0,0,0
陳,107,19,72,15,1,0,0,0,0
蒙,105,8,84,10,3,0,0,0,0
麓,105,83,8,13,0,1,0,0,0
稽,103,41,42,16,2,1,1,0,0
代,103,16,75,5,2,2,2,1,0
運,103,32,64,2,3,1,1,0,0
趙,103,9,88,3,3,0,0,0,0
瑞,102,78,15,8,0,1,0,0,0
皐,102,31,6,62,1,2,0,0,0
靼,102,0,93,7,0,1,1,0,0
尾,101,46,20,29,2,3,1,0,0
端,100,53,27,18,1,1,0,0,0
磵,100,83,8,5,4,0,0,0,0
畓,100,6,1,93,0,0,0,0,0
郭,99,49,32,1,0,10,6,1,0
沮,99,50,10,34,1,0,0,4,0
波,99,30,55,7,0,6,1,0,0
址,99,31,2,66,0,0,0,0,0
坂,98,20,15,45,5,8,5,0,0
台,97,27,29,33,6,1,1,0,0
底,96,73,5,18,0,0,0,0,0
遷,96,6,76,11,0,3,0,0,0
寢,96,81,10,0,5,0,0,0,0
黨,96,81,8,5,2,0,0,0,0
鋪,96,72,16,8,0,0,0,0,0
仙,95,45,44,1,0,4,1,0,0
露,95,2,6,67,20,0,0,0,0
韶,95,0,0,95,0,0,0,0,0
祥,94,68,22,2,2,0,0,0,0
剛,94,59,22,7,3,3,0,0,0
火,94,13,31,24,0,4,0,16,6
廂,93,90,2,1,0,0,0,0,0
留,92,10,79,1,0,0,0,2,0
公,92,43,37,5,0,6,1,0,0
廡,92,89,3,0,0,0,0,0,0
邸,91,73,2,1,2,13,0,0,0
交,90,66,15,1,0,6,2,0,0
坐,90,86,2,2,0,0,0,0,0
王,89,58,17,4,2,1,0,7,0
徽,89,19,7,63,0,0,0,0,0
第,89,89,0,0,0,0,0,0,0
肅,88,24,16,42,0,5,1,0,0
觀,88,32,55,0,1,0,0,0,0
龜,87,45,20,1,0,14,7,0,0
足,87,61,17,3,5,1,0,0,0
奠,87,6,81,0,0,0,0,0,0
亞,86,0,2,76,8,0,0,0,0
泗,85,55,25,3,0,1,0,1,0
汀,85,15,32,32,0,3,0,0,3
局,85,69,2,11,3,0,0,0,0
蔚,84,49,24,2,1,6,2,0,0
保,84,10,40,29,1,4,0,0,0
貴,84,6,64,14,0,0,0,0,0
藏,84,14,27,43,0,0,0,0,0
杞,84,8,38,37,1,0,0,0,0
桑,84,14,13,54,0,2,0,0,1
筑,81,0,81,0,0,0,0,0,0
敬,80,34,37,7,0,1,1,0,0
甕,79,64,10,0,3,1,1,0,0
呑,79,21,14,39,0,2,0,3,0
先,78,5,70,2,0,1,0,0,0
圃,77,71,2,4,0,0,0,0,0
莊,77,26,21,15,2,9,4,0,0
向,77,3,74,0,0,0,0,0,0
開,76,25,23,24,1,3,0,0,0
窟,76,6,57,0,0,6,3,0,4
固,76,65,6,1,4,0,0,0,0
鳥,75,44,22,7,1,1,0,0,0
停,75,42,6,9,0,0,0,18,0
多,75,2,71,1,0,1,0,0,0
寬,75,5,69,0,1,0,0,0,0
衞,75,0,75,0,0,0,0,0,0
주,75,0,0,75,0,0,0,0,0
曹,74,42,14,17,0,1,0,0,0
機,74,52,19,3,0,0,0,0,0
圖,74,53,16,5,0,0,0,0,0
麻,74,14,13,44,0,2,1,0,0
塲,73,1,69,3,0,0,0,0,0
封,72,45,12,15,0,0,0,0,0
盈,72,50,15,7,0,0,0,0,0
官,71,19,19,26,1,3,1,1,1
□,71,68,0,3,0,0,0,0,0
嚴,71,46,19,3,0,3,0,0,0
恭,70,51,19,0,0,0,0,0,0
茂,70,46,16,2,6,0,0,0,0
印,70,22,13,35,0,0,0,0,0
翊,69,67,1,1,0,0,0,0,0
耶,69,1,46,14,0,3,0,4,1
蔡,68,33,35,0,0,0,0,0,0
祀,68,65,3,0,0,0,0,0,0
楸,68,55,11,2,0,0,0,0,0
肥,68,1,64,3,0,0,0,0,0
其,68,0,5,59,4,0,0,0,0
壁,67,38,25,4,0,0,0,0,0
衿,66,46,19,0,0,1,0,0,0
景,66,31,11,20,1,0,2,1,0
蠻,66,12,44,10,0,0,0,0,0
菟,66,8,9,36,0,2,0,10,1
穩,65,50,15,0,0,0,0,0,0
苗,64,12,48,0,4,0,0,0,0
鍾,64,43,20,1,0,0,0,0,0
已,64,58,0,4,0,1,0,1,0
慈,64,11,44,0,2,5,2,0,0
본,64,0,0,64,0,0,0,0,0
兵,63,17,45,1,0,0,0,0,0
極,63,34,21,6,1,1,0,0,0
甘,63,9,11,43,0,0,0,0,0
位,62,56,3,1,0,2,0,0,0
陣,62,50,12,0,0,0,0,0,0
豆,62,5,55,1,0,1,0,0,0
哨,62,12,9,41,0,0,0,0,0
동,62,0,0,62,0,0,0,0,0
涇,61,38,23,0,0,0,0,0,0
浿,60,53,1,1,2,1,0,2,0
引,60,1,58,1,0,0,0,0,0
憐,60,0,58,0,0,1,1,0,0
裏,59,59,0,0,0,0,0,0,0
陜,59,42,14,3,0,0,0,0,0
砂,59,8,2,49,0,0,0,0,0
逸,59,0,5,49,5,0,0,0,0
顔,59,0,31,26,0,2,0,0,0
厚,58,37,15,1,2,2,1,0,0
豳,58,46,9,0,3,0,0,0,0
碑,57,54,3,0,0,0,0,0,0
巾,57,0,57,0,0,0,0,0,0
亇,57,0,4,53,0,0,0,0,0
廻,57,0,0,57,0,0,0,0,0
雍,56,42,13,0,0,1,0,0,0
鹿,56,38,14,4,0,0,0,0,0
趾,56,21,24,3,0,5,2,1,0
覔,56,3,49,2,0,1,0,1,0
酋,56,0,56,0,0,0,0,0,0
牟,55,3,10,33,0,7,1,1,0
町,55,4,0,41,10,0,0,0,0
博,54,35,11,0,0,6,2,0,0
民,54,16,27,6,3,2,0,0,0
鄲,54,29,16,8,0,1,0,0,0
臾,54,48,6,0,0,0,0,0,0
毛,54,24,22,5,3,0,0,0,0
作,54,23,30,1,0,0,0,0,0
剌,54,2,47,3,0,1,1,0,0
頓,54,20,6,21,2,3,1,1,0
戍,54,0,7,0,0,33,14,0,0
境,53,47,5,1,0,0,0,0,0
一,53,29,21,3,0,0,0,0,0
旨,53,18,18,11,0,3,1,1,1
半,53,52,0,0,0,1,0,0,0
屋,53,7,15,17,8,4,1,1,0
守,52,5,30,12,0,3,1,1,0
濂,52,20,32,0,0,0,0,0,0
僕,52,50,2,0,0,0,0,0,0
洙,52,35,15,2,0,0,0,0,0
柳,52,22,14,16,0,0,0,0,0
鶴,52,2,4,46,0,0,0,0,0
貊,52,4,24,21,2,0,0,1,0
",",51,5,0,46,0,0,0,0,0
統,51,42,8,0,1,0,0,0,0
尼,51,24,17,9,0,0,0,0,1
喬,51,37,7,2,5,0,0,0,0
伯,51,27,6,12,0,0,0,1,5
佛,51,12,10,27,1,0,0,0,1
敦,51,3,1,45,2,0,0,0,0
覺,51,0,51,0,0,0,0,0,0
旀,51,0,0,51,0,0,0,0,0
郷,51,0,0,0,0,0,0,51,0
顯,50,20,26,4,0,0,0,0,0
乃,50,8,31,6,0,3,0,2,0
喇,50,13,12,24,1,0,0,0,0
滕,50,15,32,2,1,0,0,0,0
密,50,24,12,14,0,0,0,0,0
秋,50,25,21,2,2,0,0,0,0
訥,50,0,45,4,0,0,0,1,0
鞨,50,0,21,28,1,0,0,0,0
舘,50,0,46,4,0,0,0,0,0
靖,49,22,26,1,0,0,0,0,0
正,49,11,20,14,0,4,0,0,0
流,49,28,14,2,1,1,0,3,0
燧,49,24,2,22,0,1,0,0,0
梧,49,29,19,1,0,0,0,0,0
味,49,32,5,10,2,0,0,0,0
落,48,13,32,1,0,1,0,1,0
幹,48,1,14,33,0,0,0,0,0
塞,47,20,3,10,0,7,3,4,0
彌,47,5,30,8,0,0,0,3,1
漳,47,33,13,0,0,1,0,0,0
惠,47,9,6,28,4,0,0,0,0
郞,47,7,28,10,2,0,0,0,0
硯,47,7,3,37,0,0,0,0,0
恠,47,0,47,0,0,0,0,0,0
葛,46,26,8,10,0,1,1,0,0
凰,46,13,10,22,1,0,0,0,0
籍,46,45,1,0,0,0,0,0,0
加,46,16,15,14,0,0,0,1,0
烈,46,24,14,7,0,1,0,0,0
泊,46,28,9,9,0,0,0,0,0
挾,46,46,0,0,0,0,0,0,0
磯,46,26,6,12,2,0,0,0,0
比,46,2,4,15,22,3,0,0,0
丁,46,2,5,36,0,2,0,1,0
狄,46,0,44,0,2,0,0,0,0
橫,44,35,8,0,0,0,1,0,0
思,44,10,31,2,0,0,0,1,0
轂,44,44,0,0,0,0,0,0,0
己,44,31,4,7,1,0,0,1,0
臬,43,43,0,0,0,0,0,0,0
首,43,4,5,6,0,4,1,23,0
貞,43,4,26,4,0,6,1,2,0
涼,42,19,5,17,0,1,0,0,0
獻,42,21,16,1,1,2,1,0,0
番,42,2,13,26,0,1,0,0,0
得,42,3,2,37,0,0,0,0,0
李,42,1,1,40,0,0,0,0,0
堰,41,16,10,2,0,8,5,0,0
阪,41,1,2,33,5,0,0,0,0
信,40,18,16,0,0,5,1,0,0
慕,40,15,24,0,1,0,0,0,0
節,40,13,27,0,0,0,0,0,0
主,40,16,21,3,0,0,0,0,0
危,40,24,16,0,0,0,0,0,0
賓,39,9,9,13,6,2,0,0,0
衣,39,17,8,4,0,4,0,6,0
宅,39,32,5,1,0,0,1,0,0
嶠,39,36,0,0,3,0,0,0,0
孝,39,7,28,1,3,0,0,0,0
踰,38,17,15,4,0,1,1,0,0
吾,38,29,7,1,1,0,0,0,0
尉,38,25,12,1,0,0,0,0,0
翼,38,26,6,6,0,0,0,0,0
漆,38,34,3,1,0,0,0,0,0
揚,38,36,2,0,0,0,0,0,0
杭,38,22,14,0,0,1,1,0,0
庳,38,19,19,0,0,0,0,0,0
烽,38,32,0,0,5,0,0,1,0
溟,38,5,11,5,0,9,3,4,1
臘,38,0,1,37,0,0,0,0,0
杆,37,30,7,0,0,0,0,0,0
孟,37,22,7,0,0,6,2,0,0
千,37,17,18,2,0,0,0,0,0
兀,37,6,18,6,0,6,1,0,0
績,37,33,3,1,0,0,0,0,0
鎬,37,24,12,0,1,0,0,0,0
世,37,9,23,4,0,1,0,0,0
將,37,11,23,3,0,0,0,0,0
資,37,1,33,1,0,0,0,2,0
使,37,4,20,11,0,1,1,0,0
巴,37,14,4,15,3,0,0,0,1
야,37,0,0,37,0,0,0,0,0
箭,36,32,3,1,0,0,0,0,0
儲,36,2,33,0,0,1,0,0,0
沃,36,26,6,3,0,1,0,0,0
亳,36,23,11,0,2,0,0,0,0
漣,36,19,8,1,0,3,3,0,2
국,36,0,0,36,0,0,0,0,0
沔,35,32,3,0,0,0,0,0,0
渠,35,23,9,2,1,0,0,0,0
異,35,14,14,2,1,2,1,0,1
狁,35,2,32,0,1,0,0,0,0
敎,34,22,11,0,1,0,0,0,0
柱,34,14,14,5,0,1,0,0,0
),34,10,10,14,0,0,0,0,0
厥,34,3,26,5,0,0,0,0,0
奧,34,0,0,14,20,0,0,0,0
沱,33,22,9,1,0,1,0,0,0
徐,33,22,11,0,0,0,0,0,0
幽,33,19,5,1,0,2,3,3,0
氏,33,23,10,0,0,0,0,0,0
若,33,11,7,10,0,3,0,2,0
叉,33,28,1,0,4,0,0,0,0
隍,33,15,14,4,0,0,0,0,0
隷,33,4,14,15,0,0,0,0,0
令,33,1,17,6,0,8,1,0,0
來,32,7,18,6,0,1,0,0,0
湯,32,14,11,6,1,0,0,0,0
郵,32,9,0,14,1,7,1,0,0
召,32,1,3,25,0,2,0,1,0
彦,32,10,11,11,0,0,0,0,0
渚,32,9,5,14,0,1,0,3,0
勿,32,0,6,9,0,4,1,12,0
隴,31,12,14,1,0,2,1,1,0
晝,31,26,5,0,0,0,0,0,0
抱,31,27,4,0,0,0,0,0,0
訓,31,13,16,1,1,0,0,0,0
宜,31,18,1,0,3,7,2,0,0
勢,31,0,31,0,0,0,0,0,0
維,31,0,0,31,0,0,0,0,0
箴,31,0,0,31,0,0,0,0,0
鎮,31,0,0,0,0,0,0,29,2
蓋,30,5,20,3,0,0,1,1,0
猊,30,2,24,1,0,3,0,0,0
申,30,14,13,3,0,0,0,0,0
冀,30,18,10,0,1,1,0,0,0
止,30,22,6,1,0,1,0,0,0
神,30,4,21,5,0,0,0,0,0
心,30,11,14,4,0,0,0,1,0
睦,30,1,2,27,0,0,0,0,0
哇,30,3,0,21,6,0,0,0,0
墺,30,0,0,4,26,0,0,0,0
壞,29,16,6,4,0,1,2,0,0
之,29,10,12,6,0,0,0,0,1
鹽,29,2,5,3,0,12,6,1,0
偃,29,1,4,24,0,0,0,0,0
報,28,19,9,0,0,0,0,0,0
玉,28,12,10,3,3,0,0,0,0
厓,28,2,0,26,0,0,0,0,0
律,28,17,6,3,0,0,0,2,0
臨,28,18,8,2,0,0,0,0,0
復,28,5,19,2,0,2,0,0,0
沂,28,24,1,2,1,0,0,0,0
帝,28,24,0,3,0,0,0,1,0
旅,28,4,24,0,0,0,0,0,0
歸,28,7,15,5,0,1,0,0,0
梯,28,7,11,4,0,3,3,0,0
砌,28,28,0,0,0,0,0,0,0
見,28,1,25,0,1,1,0,0,0
甫,27,6,12,8,0,1,0,0,0
鄴,27,20,7,0,0,0,0,0,0
汗,27,1,4,19,3,0,0,0,0
倫,27,15,7,5,0,0,0,0,0
尺,27,6,1,19,0,1,0,0,0
隱,27,6,13,7,1,0,0,0,0
巨,27,7,18,1,0,1,0,0,0
游,27,23,3,0,1,0,0,0,0
垈,27,5,1,21,0,0,0,0,0
豫,27,11,12,0,0,3,1,0,0
版,27,27,0,0,0,0,0,0,0
竺,27,2,22,0,0,1,2,0,0
凉,27,0,14,13,0,0,0,0,0
兮,27,0,0,6,0,4,0,17,0
錄,26,23,3,0,0,0,0,0,0
兗,26,19,7,0,0,0,0,0,0
岱,26,21,4,1,0,0,0,0,0
禪,26,1,5,20,0,0,0,0,0
熊,26,12,5,2,0,4,1,1,1
獜,26,18,0,8,0,0,0,0,0
湫,26,8,4,14,0,0,0,0,0
閫,26,23,3,0,0,0,0,0,0
汴,26,9,13,0,1,1,2,0,0
羽,26,3,19,4,0,0,0,0,0
愼,26,2,7,16,0,0,0,1,0
打,26,0,25,0,0,0,1,0,0
盖,26,0,20,0,0,5,0,1,0
買,26,0,3,10,0,6,0,7,0
邨,26,0,1,25,0,0,0,0,0
·,26,0,0,26,0,0,0,0,0
健,25,7,17,0,1,0,0,0,0
穴,25,10,4,1,0,6,3,1,0
秀,25,14,5,4,2,0,0,0,0
支,25,5,6,13,0,0,0,1,0
領,25,12,6,5,0,1,0,1,0
瓮,25,14,10,0,0,1,0,0,0
墩,25,15,7,2,1,0,0,0,0
莘,25,13,12,0,0,0,0,0,0
士,25,7,7,8,3,0,0,0,0
廠,25,6,6,12,1,0,0,0,0
蓮,25,4,16,5,0,0,0,0,0
遂,25,22,2,0,0,1,0,0,0
覲,25,18,7,0,0,0,0,0,0
板,24,13,5,3,0,3,0,0,0
業,24,6,14,2,0,1,0,1,0
可,24,4,19,1,0,0,0,0,0
磨,24,12,8,0,2,0,0,0,2
也,24,3,16,4,0,1,0,0,0
瀾,24,18,3,3,0,0,0,0,0
陸,24,12,8,1,2,1,0,0,0
岬,24,1,6,2,0,8,0,2,5
香,24,6,7,11,0,0,0,0,0
嵓,24,1,9,5,0,3,1,0,5
程,24,3,6,15,0,0,0,0,0
株,24,24,0,0,0,0,0,0,0
約,24,9,0,10,5,0,0,0,0
散,24,0,23,0,0,1,0,0,0
爐,24,0,11,11,0,1,1,0,0
도,24,0,0,24,0,0,0,0,0
꼬,24,0,0,24,0,0,0,0,0
遮,23,13,8,0,2,0,0,0,0
望,23,16,6,1,0,0,0,0,0
罕,23,4,18,0,0,1,0,0,0
黎,23,14,5,4,0,0,0,0,0
費,23,17,6,0,0,0,0,0,0
目,23,5,6,11,0,1,0,0,0
奉,23,11,3,6,2,0,1,0,0
撫,23,6,10,0,0,7,0,0,0
荆,23,23,0,0,0,0,0,0,0
鳧,23,0,7,16,0,0,0,0,0
汛,23,0,1,22,0,0,0,0,0
嵯,22,14,7,1,0,0,0,0,0
榮,22,15,3,4,0,0,0,0,0
太,22,8,7,7,0,0,0,0,0
雨,22,17,5,0,0,0,0,0,0
鴨,22,5,11,5,0,1,0,0,0
蠶,22,20,2,0,0,0,0,0,0
巢,22,15,6,1,0,0,0,0,0
乙,22,2,11,2,0,2,0,5,0
展,22,22,0,0,0,0,0,0,0
萬,22,5,8,8,0,1,0,0,0
郢,22,14,7,0,0,0,0,1,0
鼓,22,4,17,1,0,0,0,0,0
碧,22,7,7,7,1,0,0,0,0
圮,22,22,0,0,0,0,0,0,0
,22,0,0,22,0,0,0,0,0
崙,21,16,5,0,0,0,0,0,0
潤,21,7,10,4,0,0,0,0,0
養,21,15,3,3,0,0,0,0,0
好,21,9,11,0,0,1,0,0,0
薛,21,9,12,0,0,0,0,0,0
函,21,15,2,0,1,2,1,0,0
理,21,5,6,6,0,2,2,0,0
婁,21,3,3,15,0,0,0,0,0
嬪,21,21,0,0,0,0,0,0,0
典,21,5,3,13,0,0,0,0,0
珠,21,9,6,2,1,3,0,0,0
疆,21,8,0,13,0,0,0,0,0
掌,21,0,12,9,0,0,0,0,0
凱,21,0,0,21,0,0,0,0,0
沘,21,0,0,5,0,1,0,15,0
翔,20,12,0,8,0,0,0,0,0
階,20,18,2,0,0,0,0,0,0
時,20,3,11,3,3,0,0,0,0
椒,20,11,8,1,0,0,0,0,0
祖,20,17,2,1,0,0,0,0,0
近,20,17,1,1,0,0,0,1,0
魚,20,10,8,1,0,1,0,0,0
佐,20,9,5,3,3,0,0,0,0
表,20,13,3,0,0,2,2,0,0
相,20,8,10,2,0,0,0,0,0
坰,20,19,0,1,0,0,0,0,0
祚,20,3,3,14,0,0,0,0,0
邾,20,3,17,0,0,0,0,0,0
央,20,9,10,0,1,0,0,0,0
峭,20,20,0,0,0,0,0,0,0
因,20,2,16,1,0,1,0,0,0
廨,20,19,1,0,0,0,0,0,0
米,20,1,0,8,9,1,0,1,0
爾,20,3,2,15,0,0,0,0,0
撒,20,0,4,2,0,9,5,0,0
久,20,0,20,0,0,0,0,0,0
㠀,20,0,0,0,0,0,0,20,0
材,19,9,6,0,0,4,0,0,0
歙,19,17,0,0,2,0,0,0,0
漏,19,15,4,0,0,0,0,0,0
小,19,12,7,0,0,0,0,0,0
標,19,18,1,0,0,0,0,0,0
宛,19,7,9,1,0,1,1,0,0
嶼,19,10,5,3,1,0,0,0,0
懸,19,5,4,8,0,0,0,2,0
衢,19,17,0,2,0,0,0,0,0
科,19,1,0,18,0,0,0,0,0
雄,19,1,3,3,0,10,2,0,0
孫,19,8,7,4,0,0,0,0,0
屹,19,3,5,11,0,0,0,0,0
璃,19,12,0,0,7,0,0,0,0
駒,19,1,8,3,0,7,0,0,0
庸,18,13,5,0,0,0,0,0,0
穆,18,9,8,1,0,0,0,0,0
未,18,1,17,0,0,0,0,0,0
今,18,9,6,1,2,0,0,0,0
離,18,10,4,1,1,0,0,0,2
父,18,14,4,0,0,0,0,0,0
垌,18,15,1,2,0,0,0,0,0
與,18,5,4,9,0,0,0,0,0
何,18,3,14,1,0,0,0,0,0
洧,18,15,3,0,0,0,0,0,0
籠,18,13,4,1,0,0,0,0,0
湘,18,9,5,1,0,3,0,0,0
於,18,2,9,2,0,3,0,2,0
夾,18,18,0,0,0,0,0,0,0
汝,18,16,1,1,0,0,0,0,0
梅,18,9,1,8,0,0,0,0,0
藪,18,1,4,3,0,2,2,1,5
邦,18,5,9,0,4,0,0,0,0
閑,18,0,18,0,0,0,0,0,0
濊,18,0,3,14,0,0,0,1,0
사,18,0,0,18,0,0,0,0,0
崇,17,14,2,1,0,0,0,0,0
。,17,4,1,12,0,0,0,0,0
史,17,9,4,2,0,1,1,0,0
桃,17,8,8,1,0,0,0,0,0
恒,17,12,2,1,0,1,1,0,0
經,17,10,6,1,0,0,0,0,0
影,17,2,9,1,1,2,2,0,0
禝,17,17,0,0,0,0,0,0,0
事,17,6,4,6,0,1,0,0,0
純,17,15,1,1,0,0,0,0,0
崤,17,15,2,0,0,0,0,0,0
穀,17,14,3,0,0,0,0,0,0
堞,17,17,0,0,0,0,0,0,0
書,17,12,3,2,0,0,0,0,0
价,17,8,6,1,0,1,1,0,0
侯,17,11,4,1,1,0,0,0,0
汭,17,9,7,0,1,0,0,0,0
敏,17,10,5,2,0,0,0,0,0
閭,17,6,8,3,0,0,0,0,0
崖,17,7,6,4,0,0,0,0,0
命,17,2,7,8,0,0,0,0,0
薩,17,8,4,3,1,0,0,1,0
耽,17,9,7,0,0,1,0,0,0
包,17,2,14,1,0,0,0,0,0
儀,17,7,5,5,0,0,0,0,0
年,17,1,1,4,0,0,0,11,0
㯖,17,8,4,5,0,0,0,0,0
敝,17,7,0,10,0,0,0,0,0
泚,17,1,0,4,0,0,0,1,11
羌,17,0,15,1,1,0,0,0,0
濃,17,0,15,2,0,0,0,0,0
族,17,0,17,0,0,0,0,0,0
울,17,0,0,17,0,0,0,0,0
逹,17,0,0,0,0,0,0,13,4
娑,16,1,15,0,0,0,0,0,0
淳,16,10,3,2,0,0,0,1,0
堅,16,2,2,8,4,0,0,0,0
帶,16,8,0,6,0,0,0,2,0
尹,16,8,6,1,0,0,0,1,0
益,16,13,3,0,0,0,0,0,0
綏,16,3,10,3,0,0,0,0,0
幾,16,11,4,1,0,0,0,0,0
駕,16,2,3,11,0,0,0,0,0
護,16,2,5,1,0,5,3,0,0
傍,16,16,0,0,0,0,0,0,0
覇,16,6,10,0,0,0,0,0,0
圓,16,1,2,4,0,5,2,2,0
葳,16,10,0,4,2,0,0,0,0
亂,16,0,16,0,0,0,0,0,0
卿,16,0,10,5,0,0,0,1,0
及,16,0,0,14,2,0,0,0,0
突,15,11,2,2,0,0,0,0,0
岺,15,6,6,3,0,0,0,0,0
賀,15,2,6,5,2,0,0,0,0
歌,15,8,6,1,0,0,0,0,0
皇,15,12,3,0,0,0,0,0,0
洑,15,9,1,5,0,0,0,0,0
陝,15,5,9,1,0,0,0,0,0
巷,15,6,0,9,0,0,0,0,0
沼,15,4,3,8,0,0,0,0,0
弘,15,12,1,1,0,0,0,1,0
傳,15,12,3,0,0,0,0,0,0
築,15,12,3,0,0,0,0,0,0
隣,15,2,9,1,0,3,0,0,0
簷,15,15,0,0,0,0,0,0,0
驍,15,2,4,6,0,3,0,0,0
禽,15,3,1,7,4,0,0,0,0
立,15,0,3,11,0,1,0,0,0
淺,15,0,2,5,0,5,3,0,0
평,15,0,0,15,0,0,0,0,0
辰,14,5,4,5,0,0,0,0,0
耆,14,3,5,4,2,0,0,0,0
匡,14,8,6,0,0,0,0,0,0
陀,14,2,9,2,1,0,0,0,0
棧,14,5,4,3,2,0,0,0,0
磻,14,13,1,0,0,0,0,0,0
易,14,11,2,0,1,0,0,0,0
暗,14,10,2,2,0,0,0,0,0
當,14,1,1,12,0,0,0,0,0
昆,14,7,6,0,0,0,1,0,0
蘿,14,9,0,4,0,1,0,0,0
巒,14,3,9,2,0,0,0,0,0
斗,14,4,9,1,0,0,0,0,0
谿,14,9,1,0,0,1,0,0,3
雩,14,12,2,0,0,0,0,0,0
笙,14,1,0,13,0,0,0,0,0
範,14,8,3,3,0,0,0,0,0
匪,14,3,11,0,0,0,0,0,0
溱,14,12,2,0,0,0,0,0,0
述,14,2,7,3,0,0,0,2,0
們,14,8,1,0,5,0,0,0,0
布,14,1,10,3,0,0,0,0,0
莬,14,1,0,2,0,0,0,11,0
赤,14,0,14,0,0,0,0,0,0
紇,14,0,13,1,0,0,0,0,0
渌,14,0,0,0,0,0,0,11,3
牛,13,5,2,0,0,5,1,0,0
應,13,3,8,2,0,0,0,0,0
汾,13,9,4,0,0,0,0,0,0
二,13,6,3,2,1,1,0,0,0
腸,13,13,0,0,0,0,0,0,0
乭,13,10,1,2,0,0,0,0,0
巳,13,9,0,1,0,1,0,2,0
瀛,13,3,6,3,0,1,0,0,0
身,13,3,7,2,0,1,0,0,0
墟,13,6,3,3,0,0,0,1,0
黑,13,9,4,0,0,0,0,0,0
棠,13,8,4,1,0,0,0,0,0
客,13,2,9,1,0,0,0,1,0
疑,13,5,6,0,2,0,0,0,0
而,13,1,11,1,0,0,0,0,0
犂,13,1,1,10,1,0,0,0,0
麿,13,0,13,0,0,0,0,0,0
盞,13,0,13,0,0,0,0,0,0
脫,13,0,13,0,0,0,0,0,0
質,13,0,1,12,0,0,0,0,0
긔,13,0,0,13,0,0,0,0,0
馮,12,11,1,0,0,0,0,0,0
潛,12,10,1,0,0,0,0,0,1
濮,12,8,4,0,0,0,0,0,0
淇,12,6,5,0,0,1,0,0,0
鰲,12,5,6,1,0,0,0,0,0
紀,12,7,3,2,0,0,0,0,0
廬,12,11,1,0,0,0,0,0,0
服,12,11,1,0,0,0,0,0,0
葉,12,2,5,3,2,0,0,0,0
編,12,11,1,0,0,0,0,0,0
出,12,3,6,2,0,1,0,0,0
務,12,10,1,1,0,0,0,0,0
塚,12,9,2,1,0,0,0,0,0
烟,12,3,6,2,1,0,0,0,0
儉,12,6,3,1,0,1,0,0,1
吐,12,2,4,4,0,0,0,2,0
畤,12,11,1,0,0,0,0,0,0
漕,12,4,8,0,0,0,0,0,0
塢,12,3,2,7,0,0,0,0,0
窓,12,8,0,4,0,0,0,0,0
湄,12,2,7,2,0,1,0,0,0
闌,12,0,9,1,0,1,1,0,0
賛,12,0,12,0,0,0,0,0,0
羊,12,0,4,8,0,0,0,0,0
末,12,0,2,10,0,0,0,0,0
押,12,0,3,1,0,3,0,5,0
蜜,12,0,3,9,0,0,0,0,0
珎,12,0,4,7,0,0,0,0,1
卑,12,0,2,10,0,0,0,0,0
育,12,0,0,11,0,1,0,0,0
抹,12,0,0,12,0,0,0,0,0
산,12,0,0,12,0,0,0,0,0
逢,12,0,0,9,0,1,0,2,0
성,12,0,0,12,0,0,0,0,0
旌,11,5,6,0,0,0,0,0,0
套,11,2,1,8,0,0,0,0,0
樊,11,7,4,0,0,0,0,0,0
砥,11,10,1,0,0,0,0,0,0
懿,11,7,4,0,0,0,0,0,0
載,11,6,3,2,0,0,0,0,0
涉,11,7,1,3,0,0,0,0,0
頂,11,6,4,0,0,1,0,0,0
坦,11,2,2,6,0,1,0,0,0
盛,11,8,3,0,0,0,0,0,0
蒲,11,8,3,0,0,0,0,0,0
挐,11,8,3,0,0,0,0,0,0
洮,11,4,0,2,0,4,1,0,0
舒,11,7,2,0,0,1,1,0,0
鷲,11,2,4,1,0,0,0,0,4
贊,11,3,1,6,0,1,0,0,0
蘆,11,7,3,0,0,1,0,0,0
任,11,5,3,3,0,0,0,0,0
夢,11,10,1,0,0,0,0,0,0
隆,11,6,4,0,1,0,0,0,0
鄢,11,7,4,0,0,0,0,0,0
眉,11,3,2,6,0,0,0,0,0
哥,11,2,5,2,2,0,0,0,0
;,11,6,0,0,5,0,0,0,0
喜,11,6,4,1,0,0,0,0,0
鼻,11,1,2,8,0,0,0,0,0
修,11,9,2,0,0,0,0,0,0
座,11,8,3,0,0,0,0,0,0
漠,11,4,5,1,0,0,0,1,0
嵩,11,6,3,1,1,0,0,0,0
性,11,2,9,0,0,0,0,0,0
圍,11,5,3,3,0,0,0,0,0
工,11,5,3,1,0,2,0,0,0
志,11,1,2,6,0,1,1,0,0
壯,11,4,1,6,0,0,0,0,0
皮,11,1,7,3,0,0,0,0,0
初,11,4,5,0,2,0,0,0,0
峪,11,4,1,3,3,0,0,0,0
排,11,0,11,0,0,0,0,0,0
對,11,0,11,0,0,0,0,0,0
墉,11,0,9,2,0,0,0,0,0
刺,11,0,0,7,0,4,0,0,0
亰,11,0,0,1,0,0,0,3,7
화,11,0,0,10,1,0,0,0,0
蠡,10,10,0,0,0,0,0,0,0
潞,10,6,4,0,0,0,0,0,0
船,10,2,8,0,0,0,0,0,0
助,10,7,3,0,0,0,0,0,0
致,10,4,2,4,0,0,0,0,0
后,10,10,0,0,0,0,0,0,0
字,10,3,3,3,1,0,0,0,0
燈,10,1,6,3,0,0,0,0,0
霞,10,9,0,0,0,1,0,0,0
鄙,10,1,0,2,0,5,2,0,0
醴,10,8,0,2,0,0,0,0,0
入,10,7,2,1,0,0,0,0,0
鄏,10,9,1,0,0,0,0,0,0
藍,10,10,0,0,0,0,0,0,0
邢,10,5,2,1,1,1,0,0,0
陘,10,9,1,0,0,0,0,0,0
浮,10,4,2,4,0,0,0,0,0
飛,10,4,1,5,0,0,0,0,0
礪,10,7,2,1,0,0,0,0,0
鳴,10,2,5,2,0,0,0,1,0
八,10,7,1,2,0,0,0,0,0
硝,10,10,0,0,0,0,0,0,0
記,10,8,1,1,0,0,0,0,0
檻,10,10,0,0,0,0,0,0,0
呂,10,1,8,1,0,0,0,0,0
粟,10,5,5,0,0,0,0,0,0
差,10,1,9,0,0,0,0,0,0
祐,10,5,3,0,2,0,0,0,0
驤,10,4,3,0,2,1,0,0,0
始,10,3,6,1,0,0,0,0,0
降,10,7,3,0,0,0,0,0,0
虛,10,2,8,0,0,0,0,0,0
滻,10,10,0,0,0,0,0,0,0
摟,10,10,0,0,0,0,0,0,0
撥,10,9,0,1,0,0,0,0,0
于,10,2,7,1,0,0,0,0,0
寗,10,5,0,5,0,0,0,0,0
有,10,0,8,0,1,1,0,0,0
幡,10,0,3,5,2,0,0,0,0
夫,10,0,2,4,0,0,3,1,0
皋,10,0,10,0,0,0,0,0,0
語,10,0,10,0,0,0,0,0,0
佃,10,0,10,0,0,0,0,0,0
克,10,0,1,9,0,0,0,0,0
壌,10,0,0,0,0,0,0,8,2
夲,10,0,0,0,0,0,0,10,0
笁,10,0,0,0,0,0,0,0,10
治,9,7,2,0,0,0,0,0,0
暉,9,4,5,0,0,0,0,0,0
裕,9,5,4,0,0,0,0,0,0
鄆,9,9,0,0,0,0,0,0,0
劍,9,7,0,2,0,0,0,0,0
盧,9,2,4,3,0,0,0,0,0
等,9,7,1,1,0,0,0,0,0
四,9,5,2,1,1,0,0,0,0
兩,9,7,2,0,0,0,0,0,0
還,9,1,6,2,0,0,0,0,0
眼,9,2,4,3,0,0,0,0,0
造,9,8,1,0,0,0,0,0,0
狼,9,5,4,0,0,0,0,0,0
棘,9,7,2,0,0,0,0,0,0
堗,9,9,0,0,0,0,0,0,0
刹,9,9,0,0,0,0,0,0,0
臯,9,5,0,4,0,0,0,0,0
庇,9,7,2,0,0,0,0,0,0
亢,9,1,8,0,0,0,0,0,0
集,9,8,1,0,0,0,0,0,0
讓,9,1,1,5,1,1,0,0,0
條,9,9,0,0,0,0,0,0,0
垂,9,4,4,0,0,1,0,0,0
渾,9,6,1,2,0,0,0,0,0
常,9,3,6,0,0,0,0,0,0
綾,9,7,2,0,0,0,0,0,0
邳,9,7,2,0,0,0,0,0,0
芚,9,6,3,0,0,0,0,0,0
祭,9,9,0,0,0,0,0,0,0
墳,9,6,0,3,0,0,0,0,0
哲,9,2,3,4,0,0,0,0,0
牌,9,7,0,2,0,0,0,0,0
禁,9,6,2,1,0,0,0,0,0
合,9,2,6,1,0,0,0,0,0
休,9,6,2,0,0,0,0,0,1
收,9,4,5,0,0,0,0,0,0
列,9,2,3,0,0,0,0,4,0
桓,9,6,3,0,0,0,0,0,0
誠,9,3,2,4,0,0,0,0,0
勒,9,2,6,1,0,0,0,0,0
寒,9,5,4,0,0,0,0,0,0
旺,9,3,1,5,0,0,0,0,0
管,9,1,3,5,0,0,0,0,0
刀,9,1,4,4,0,0,0,0,0
彘,9,4,5,0,0,0,0,0,0
深,9,1,5,0,0,3,0,0,0
拉,9,1,0,8,0,0,0,0,0
歐,9,3,0,1,5,0,0,0,0
鳩,9,1,1,6,0,1,0,0,0
微,9,0,9,0,0,0,0,0,0
反,9,0,8,1,0,0,0,0,0
委,9,0,9,0,0,0,0,0,0
乳,9,0,9,0,0,0,0,0,0
粮,9,0,7,0,0,2,0,0,0
破,9,0,6,3,0,0,0,0,0
藥,9,0,2,5,0,1,0,1,0
隨,9,0,4,2,0,2,1,0,0
滬,9,0,0,9,0,0,0,0,0
植,9,0,0,9,0,0,0,0,0
罘,9,0,0,8,1,0,0,0,0
a,9,0,0,9,0,0,0,0,0
峨,8,8,0,0,0,0,0,0,0
曳,8,6,2,0,0,0,0,0,0
冠,8,1,7,0,0,0,0,0,0
滄,8,7,1,0,0,0,0,0,0
潮,8,5,1,0,1,0,1,0,0
背,8,3,5,0,0,0,0,0,0
指,8,5,1,2,0,0,0,0,0
振,8,6,2,0,0,0,0,0,0
鴻,8,3,4,1,0,0,0,0,0
煌,8,6,1,1,0,0,0,0,0
鄣,8,8,0,0,0,0,0,0,0
炭,8,8,0,0,0,0,0,0,0
參,8,1,1,2,0,0,0,4,0
輿,8,1,1,6,0,0,0,0,0
庠,8,8,0,0,0,0,0,0,0
礬,8,4,4,0,0,0,0,0,0
丈,8,3,3,1,0,1,0,0,0
獨,8,2,3,3,0,0,0,0,0
解,8,1,6,1,0,0,0,0,0
瞻,8,4,3,1,0,0,0,0,0
提,8,2,0,1,2,0,0,1,2
䰇,8,5,2,0,1,0,0,0,0
陶,8,7,1,0,0,0,0,0,0
邪,8,5,2,1,0,0,0,0,0
鷄,8,1,2,5,0,0,0,0,0
云,8,7,1,0,0,0,0,0,0
祿,8,4,0,4,0,0,0,0,0
斛,8,1,4,3,0,0,0,0,0
瀆,8,7,0,0,0,1,0,0,0
氐,8,1,6,0,1,0,0,0,0
際,8,1,6,0,0,1,0,0,0
堀,8,0,8,0,0,0,0,0,0
難,8,0,8,0,0,0,0,0,0
嶮,8,0,1,1,0,6,0,0,0
塩,8,0,1,0,0,5,1,0,1
斐,8,0,8,0,0,0,0,0,0
起,8,0,1,7,0,0,0,0,0
陁,8,0,3,2,0,1,0,2,0
桂,8,0,2,6,0,0,0,0,0
진,8,0,0,8,0,0,0,0,0
叔,8,0,0,8,0,0,0,0,0
아,8,0,0,7,1,0,0,0,0
인,8,0,0,8,0,0,0,0,0
천,8,0,0,8,0,0,0,0,0
弗,8,0,0,5,0,1,0,0,2
현,8,0,0,8,0,0,0,0,0
湧,8,0,0,0,0,5,3,0,0
貢,7,3,0,4,0,0,0,0,0
席,7,7,0,0,0,0,0,0,0
㙮,7,5,0,2,0,0,0,0,0
孤,7,1,6,0,0,0,0,0,0
勝,7,4,2,1,0,0,0,0,0
別,7,2,2,1,0,1,0,1,0
承,7,4,3,0,0,0,0,0,0
墅,7,3,0,4,0,0,0,0,0
廓,7,7,0,0,0,0,0,0,0
愍,7,6,1,0,0,0,0,0,0
朴,7,3,2,2,0,0,0,0,0
嬴,7,7,0,0,0,0,0,0,0
氷,7,5,2,0,0,0,0,0,0
禚,7,7,0,0,0,0,0,0,0
扈,7,2,1,1,3,0,0,0,0
則,7,5,1,1,0,0,0,0,0
坮,7,4,0,3,0,0,0,0,0
孔,7,3,4,0,0,0,0,0,0
憲,7,2,1,1,1,0,2,0,0
囿,7,5,2,0,0,0,0,0,0
堯,7,5,1,1,0,0,0,0,0
餔,7,7,0,0,0,0,0,0,0
朶,7,1,3,2,0,1,0,0,0
雅,7,2,5,0,0,0,0,0,0
鑑,7,5,1,0,1,0,0,0,0
昔,7,7,0,0,0,0,0,0,0
椽,7,6,1,0,0,0,0,0,0
付,7,5,0,0,0,1,1,0,0
謨,7,4,3,0,0,0,0,0,0
色,7,2,5,0,0,0,0,0,0
鄠,7,5,1,0,1,0,0,0,0
評,7,4,1,2,0,0,0,0,0
五,7,6,1,0,0,0,0,0,0
率,7,1,3,0,0,1,1,0,1
琊,7,5,2,0,0,0,0,0,0
女,7,1,6,0,0,0,0,0,0
隻,7,7,0,0,0,0,0,0,0
泡,7,2,0,4,1,0,0,0,0
然,7,3,4,0,0,0,0,0,0
帳,7,7,0,0,0,0,0,0,0
奏,7,1,5,1,0,0,0,0,0
閾,7,7,0,0,0,0,0,0,0
猷,7,1,2,3,0,1,0,0,0
沽,7,2,0,5,0,0,0,0,0
甯,7,2,0,5,0,0,0,0,0
肯,7,0,5,1,0,1,0,0,0
存,7,0,2,1,0,2,1,1,0
制,7,0,7,0,0,0,0,0,0
零,7,0,7,0,0,0,0,0,0
羗,7,0,7,0,0,0,0,0,0
芒,7,0,7,0,0,0,0,0,0
侮,7,0,1,2,0,3,1,0,0
玆,7,0,5,2,0,0,0,0,0
雞,7,0,2,2,0,2,0,1,0
曼,7,0,0,3,4,0,0,0,0
마,7,0,0,6,1,0,0,0,0
清,7,0,0,7,0,0,0,0,0
淞,7,0,0,6,1,0,0,0,0
안,7,0,0,7,0,0,0,0,0
圎,7,0,0,0,0,0,0,7,0
䑓,7,0,0,0,0,0,0,0,7
芳,6,3,0,3,0,0,0,0,0
冢,6,6,0,0,0,0,0,0,0
論,6,4,1,1,0,0,0,0,0
饒,6,3,2,0,0,0,0,1,0
審,6,5,0,1,0,0,0,0,0
柴,6,4,2,0,0,0,0,0,0
者,6,2,4,0,0,0,0,0,0
恥,6,1,5,0,0,0,0,0,0
享,6,3,2,1,0,0,0,0,0
栢,6,4,2,0,0,0,0,0,0
結,6,1,0,0,0,3,2,0,0
楡,6,2,3,0,0,1,0,0,0
衙,6,5,0,1,0,0,0,0,0
鼎,6,1,3,2,0,0,0,0,0
穚,6,4,0,2,0,0,0,0,0
鄧,6,6,0,0,0,0,0,0,0
仲,6,4,0,2,0,0,0,0,0
季,6,1,4,1,0,0,0,0,0
住,6,2,4,0,0,0,0,0,0
精,6,1,3,0,2,0,0,0,0
重,6,4,1,1,0,0,0,0,0
在,6,4,1,0,0,1,0,0,0
礦,6,6,0,0,0,0,0,0,0
扶,6,5,1,0,0,0,0,0,0
臣,6,2,2,2,0,0,0,0,0
詩,6,6,0,0,0,0,0,0,0
薰,6,4,1,1,0,0,0,0,0
姓,6,1,5,0,0,0,0,0,0
亨,6,2,3,1,0,0,0,0,0
歲,6,2,2,0,0,2,0,0,0
無,6,2,4,0,0,0,0,0,0
宿,6,5,0,1,0,0,0,0,0
柞,6,3,3,0,0,0,0,0,0
黔,6,1,4,1,0,0,0,0,0
奎,6,3,2,1,0,0,0,0,0
齒,6,3,2,1,0,0,0,0,0
郯,6,6,0,0,0,0,0,0,0
瀘,6,4,1,0,0,0,0,1,0
邰,6,3,3,0,0,0,0,0,0
昇,6,3,0,1,0,1,1,0,0
壕,6,3,3,0,0,0,0,0,0
舌,6,6,0,0,0,0,0,0,0
歷,6,4,2,0,0,0,0,0,0
崧,6,6,0,0,0,0,0,0,0
環,6,1,2,3,0,0,0,0,0
毫,6,4,0,2,0,0,0,0,0
廷,6,1,4,1,0,0,0,0,0
义,6,6,0,0,0,0,0,0,0
滸,6,5,1,0,0,0,0,0,0
宸,6,2,4,0,0,0,0,0,0
矗,6,6,0,0,0,0,0,0,0
埠,6,1,4,1,0,0,0,0,0
穎,6,3,1,0,0,1,1,0,0
自,6,1,0,5,0,0,0,0,0
預,6,0,2,0,0,3,1,0,0
調,6,0,5,0,0,1,0,0,0
險,6,0,3,0,0,3,0,0,0
屈,6,0,4,1,0,0,0,1,0
閒,6,0,3,0,0,3,0,0,0
伽,6,0,6,0,0,0,0,0,0
苞,6,0,4,0,0,2,0,0,0
冬,6,0,5,0,0,1,0,0,0
繁,6,0,6,0,0,0,0,0,0
崔,6,0,6,0,0,0,0,0,0
磎,6,0,2,3,0,1,0,0,0
冶,6,0,4,1,0,1,0,0,0
鷹,6,0,2,4,0,0,0,0,0
嵐,6,0,4,0,0,2,0,0,0
俠,6,0,1,0,0,5,0,0,0
攝,6,0,6,0,0,0,0,0,0
液,6,0,3,1,1,1,0,0,0
舟,6,0,3,2,0,1,0,0,0
督,6,0,1,3,0,1,0,1,0
筵,6,0,4,2,0,0,0,0,0
羯,6,0,5,0,1,0,0,0,0
投,6,0,6,0,0,0,0,0,0
震,6,0,1,4,0,0,0,0,1
砦,6,0,4,0,0,1,1,0,0
嶝,6,0,4,2,0,0,0,0,0
特,6,0,3,3,0,0,0,0,0
喀,6,0,1,5,0,0,0,0,0
크,6,0,0,6,0,0,0,0,0
해,6,0,0,6,0,0,0,0,0
군,6,0,0,6,0,0,0,0,0
풍,6,0,0,6,0,0,0,0,0
푸,6,0,0,6,0,0,0,0,0
선,6,0,0,6,0,0,0,0,0
트,6,0,0,6,0,0,0,0,0
倅,6,0,0,6,0,0,0,0,0
항,6,0,0,6,0,0,0,0,0
耐,6,0,0,4,0,0,0,2,0
渼,6,0,0,6,0,0,0,0,0
栖,6,0,0,6,0,0,0,0,0
内,6,0,0,0,0,0,0,6,0
聚,5,1,3,1,0,0,0,0,0
輪,5,1,3,0,0,1,0,0,0
洼,5,3,2,0,0,0,0,0,0
漯,5,4,1,0,0,0,0,0,0
汶,5,3,1,1,0,0,0,0,0
溜,5,4,0,1,0,0,0,0,0
轉,5,3,0,2,0,0,0,0,0
錫,5,3,0,2,0,0,0,0,0
絅,5,5,0,0,0,0,0,0,0
憂,5,5,0,0,0,0,0,0,0
肆,5,2,2,1,0,0,0,0,0
迷,5,1,4,0,0,0,0,0,0
淑,5,4,1,0,0,0,0,0,0
嵬,5,4,1,0,0,0,0,0,0
虢,5,2,2,1,0,0,0,0,0
略,5,4,1,0,0,0,0,0,0
升,5,4,0,1,0,0,0,0,0
蹲,5,2,3,0,0,0,0,0,0
戚,5,3,2,0,0,0,0,0,0
紅,5,1,2,2,0,0,0,0,0
屛,5,2,2,1,0,0,0,0,0
儒,5,4,1,0,0,0,0,0,0
雷,5,3,2,0,0,0,0,0,0
備,5,3,2,0,0,0,0,0,0
湟,5,3,2,0,0,0,0,0,0
柏,5,2,2,1,0,0,0,0,0
粤,5,1,4,0,0,0,0,0,0
芬,5,2,0,2,1,0,0,0,0
罔,5,3,2,0,0,0,0,0,0
岷,5,1,0,4,0,0,0,0,0
剡,5,2,0,3,0,0,0,0,0
柯,5,1,0,2,0,2,0,0,0
鷗,5,2,3,0,0,0,0,0,0
童,5,1,2,1,0,1,0,0,0
汧,5,3,1,1,0,0,0,0,0
泂,5,2,3,0,0,0,0,0,0
群,5,4,0,1,0,0,0,0,0
檀,5,3,1,1,0,0,0,0,0
要,5,2,2,0,0,0,0,1,0
亦,5,1,3,1,0,0,0,0,0
准,5,5,0,0,0,0,0,0,0
柒,5,4,1,0,0,0,0,0,0
杜,5,4,0,0,0,0,0,1,0
祊,5,4,0,0,1,0,0,0,0
薇,5,2,3,0,0,0,0,0,0
圈,5,2,0,3,0,0,0,0,0
隄,5,1,2,1,0,1,0,0,0
睢,5,2,3,0,0,0,0,0,0
聞,5,4,1,0,0,0,0,0,0
槐,5,2,0,2,1,0,0,0,0
鉉,5,4,0,1,0,0,0,0,0
瑟,5,2,1,1,0,0,0,0,1
模,5,4,0,1,0,0,0,0,0
雒,5,4,1,0,0,0,0,0,0
紹,5,3,0,0,0,1,1,0,0
旗,5,4,0,1,0,0,0,0,0
腰,5,4,1,0,0,0,0,0,0
竝,5,5,0,0,0,0,0,0,0
嵋,5,1,0,4,0,0,0,0,0
訖,5,1,4,0,0,0,0,0,0
菉,5,1,3,1,0,0,0,0,0
男,5,1,0,2,0,2,0,0,0
雙,5,4,1,0,0,0,0,0,0
耤,5,5,0,0,0,0,0,0,0
脊,5,4,0,1,0,0,0,0,0
簾,5,5,0,0,0,0,0,0,0
淝,5,4,1,0,0,0,0,0,0
琉,5,1,1,0,3,0,0,0,0
索,5,1,1,3,0,0,0,0,0
夜,5,1,3,1,0,0,0,0,0
堆,5,1,4,0,0,0,0,0,0
捕,5,1,2,2,0,0,0,0,0
格,5,1,3,0,1,0,0,0,0
惑,5,0,5,0,0,0,0,0,0
禿,5,0,5,0,0,0,0,0,0
活,5,0,3,1,0,1,0,0,0
融,5,0,5,0,0,0,0,0,0
叱,5,0,3,1,0,1,0,0,0
惱,5,0,1,2,0,1,0,1,0
輕,5,0,1,4,0,0,0,0,0
坫,5,0,3,2,0,0,0,0,0
陷,5,0,5,0,0,0,0,0,0
盤,5,0,2,3,0,0,0,0,0
葪,5,0,5,0,0,0,0,0,0
匠,5,0,1,0,0,2,2,0,0
湾,5,0,1,4,0,0,0,0,0
片,5,0,5,0,0,0,0,0,0
兎,5,0,2,3,0,0,0,0,0
靉,5,0,2,3,0,0,0,0,0
判,5,0,2,3,0,0,0,0,0
蔘,5,0,3,2,0,0,0,0,0
唎,5,0,2,3,0,0,0,0,0
드,5,0,0,4,1,0,0,0,0
계,5,0,0,5,0,0,0,0,0
나,5,0,0,5,0,0,0,0,0
와,5,0,0,5,0,0,0,0,0
囉,5,0,0,5,0,0,0,0,0
櫛,5,0,0,0,0,4,1,0,0
倹,5,0,0,0,0,0,0,0,5
唱,4,2,0,2,0,0,0,0,0
梗,4,1,3,0,0,0,0,0,0
步,4,3,1,0,0,0,0,0,0
玄,4,4,0,0,0,0,0,0,0
岍,4,4,0,0,0,0,0,0,0
滙,4,1,0,3,0,0,0,0,0
形,4,1,2,1,0,0,0,0,0
能,4,2,2,0,0,0,0,0,0
椵,4,3,1,0,0,0,0,0,0
各,4,3,0,0,0,0,0,1,0
邙,4,4,0,0,0,0,0,0,0
柄,4,1,2,0,0,1,0,0,0
闥,4,4,0,0,0,0,0,0,0
容,4,2,0,2,0,0,0,0,0
薺,4,1,3,0,0,0,0,0,0
員,4,3,0,1,0,0,0,0,0
照,4,1,2,1,0,0,0,0,0
詔,4,1,3,0,0,0,0,0,0
郕,4,1,3,0,0,0,0,0,0
蕭,4,3,1,0,0,0,0,0,0
樞,4,2,2,0,0,0,0,0,0
百,4,1,1,2,0,0,0,0,0
曉,4,2,1,1,0,0,0,0,0
擅,4,4,0,0,0,0,0,0,0
甑,4,4,0,0,0,0,0,0,0
淹,4,4,0,0,0,0,0,0,0
須,4,2,2,0,0,0,0,0,0
胥,4,1,2,0,1,0,0,0,0
言,4,3,1,0,0,0,0,0,0
衡,4,3,1,0,0,0,0,0,0
舗,4,4,0,0,0,0,0,0,0
九,4,1,1,2,0,0,0,0,0
注,4,2,2,0,0,0,0,0,0
齡,4,1,0,3,0,0,0,0,0
弼,4,2,1,1,0,0,0,0,0
姑,4,2,1,1,0,0,0,0,0
職,4,1,2,1,0,0,0,0,0
勳,4,2,1,1,0,0,0,0,0
牢,4,2,2,0,0,0,0,0,0
堧,4,4,0,0,0,0,0,0,0
毅,4,2,2,0,0,0,0,0,0
涯,4,2,1,1,0,0,0,0,0
七,4,1,0,3,0,0,0,0,0
萱,4,1,0,3,0,0,0,0,0
問,4,1,2,1,0,0,0,0,0
悲,4,1,2,1,0,0,0,0,0
闡,4,3,1,0,0,0,0,0,0
單,4,1,3,0,0,0,0,0,0
闑,4,3,0,0,1,0,0,0,0
榭,4,4,0,0,0,0,0,0,0
默,4,3,1,0,0,0,0,0,0
揷,4,2,2,0,0,0,0,0,0
簿,4,1,0,3,0,0,0,0,0
謝,4,3,1,0,0,0,0,0,0
御,4,3,1,0,0,0,0,0,0
設,4,4,0,0,0,0,0,0,0
栅,4,4,0,0,0,0,0,0,0
屬,4,2,2,0,0,0,0,0,0
衍,4,3,1,0,0,0,0,0,0
雎,4,4,0,0,0,0,0,0,0
議,4,2,0,2,0,0,0,0,0
碭,4,3,1,0,0,0,0,0,0
仇,4,1,3,0,0,0,0,0,0
遲,4,3,1,0,0,0,0,0,0
親,4,1,3,0,0,0,0,0,0
銀,4,1,1,2,0,0,0,0,0
勺,4,2,0,2,0,0,0,0,0
沅,4,3,1,0,0,0,0,0,0
衮,4,4,0,0,0,0,0,0,0
配,4,4,0,0,0,0,0,0,0
篇,4,3,1,0,0,0,0,0,0
覃,4,1,1,1,0,1,0,0,0
瀍,4,4,0,0,0,0,0,0,0
奄,4,3,0,1,0,0,0,0,0
兔,4,2,1,0,1,0,0,0,0
澧,4,4,0,0,0,0,0,0,0
斬,4,1,0,0,0,1,0,2,0
絢,4,4,0,0,0,0,0,0,0
扃,4,3,1,0,0,0,0,0,0
摯,4,1,3,0,0,0,0,0,0
澳,4,1,2,1,0,0,0,0,0
黍,4,1,1,1,0,1,0,0,0
渤,4,2,2,0,0,0,0,0,0
耿,4,2,0,1,0,1,0,0,0
縉,4,1,3,0,0,0,0,0,0
赫,4,1,0,3,0,0,0,0,0
涿,4,2,0,0,0,0,0,0,2
班,4,2,1,1,0,0,0,0,0
把,4,1,3,0,0,0,0,0,0
淀,4,4,0,0,0,0,0,0,0
鬱,4,1,0,3,0,0,0,0,0
榻,4,4,0,0,0,0,0,0,0
改,4,0,3,0,0,1,0,0,0
崛,4,0,4,0,0,0,0,0,0
幸,4,0,1,3,0,0,0,0,0
鶻,4,0,2,1,0,1,0,0,0
遙,4,0,4,0,0,0,0,0,0
乎,4,0,4,0,0,0,0,0,0
韃,4,0,4,0,0,0,0,0,0
壺,4,0,4,0,0,0,0,0,0
額,4,0,3,1,0,0,0,0,0
掛,4,0,4,0,0,0,0,0,0
總,4,0,4,0,0,0,0,0,0
乘,4,0,4,0,0,0,0,0,0
息,4,0,1,3,0,0,0,0,0
冥,4,0,4,0,0,0,0,0,0
棗,4,0,1,1,0,2,0,0,0
寂,4,0,4,0,0,0,0,0,0
猳,4,0,1,0,0,3,0,0,0
虹,4,0,4,0,0,0,0,0,0
丞,4,0,4,0,0,0,0,0,0
級,4,0,4,0,0,0,0,0,0
衆,4,0,3,1,0,0,0,0,0
鬻,4,0,4,0,0,0,0,0,0
聰,4,0,4,0,0,0,0,0,0
螺,4,0,1,3,0,0,0,0,0
로,4,0,0,4,0,0,0,0,0
라,4,0,0,4,0,0,0,0,0
다,4,0,0,4,0,0,0,0,0
오,4,0,0,4,0,0,0,0,0
커,4,0,0,4,0,0,0,0,0
가,4,0,0,4,0,0,0,0,0
갓,4,0,0,4,0,0,0,0,0
리,4,0,0,4,0,0,0,0,0
戌,4,0,0,3,0,1,0,0,0
,4,0,0,4,0,0,0,0,0
奈,4,0,0,3,0,0,0,1,0
彼,4,0,0,3,0,1,0,0,0
含,4,0,0,3,0,0,0,1,0
攬,4,0,0,3,0,0,0,1,0
濵,4,0,0,2,0,0,0,2,0
杖,4,0,0,2,0,1,0,1,0
求,4,0,0,4,0,0,0,0,0
攘,4,0,0,4,0,0,0,0,0
.,4,0,0,3,0,1,0,0,0
鞍,4,0,0,4,0,0,0,0,0
考,3,3,0,0,0,0,0,0,0
卜,3,1,1,1,0,0,0,0,0
矣,3,3,0,0,0,0,0,0,0
掖,3,3,0,0,0,0,0,0,0
闐,3,1,1,1,0,0,0,0,0
灤,3,2,0,1,0,0,0,0,0
湜,3,2,1,0,0,0,0,0,0
爲,3,2,1,0,0,0,0,0,0
葱,3,1,2,0,0,0,0,0,0
泌,3,3,0,0,0,0,0,0,0
彔,3,3,0,0,0,0,0,0,0
置,3,1,2,0,0,0,0,0,0
嶧,3,2,1,0,0,0,0,0,0
億,3,1,1,1,0,0,0,0,0
濠,3,3,0,0,0,0,0,0,0
諒,3,1,0,2,0,0,0,0,0
檢,3,2,0,1,0,0,0,0,0
緣,3,2,0,0,0,1,0,0,0
觸,3,1,2,0,0,0,0,0,0
扄,3,3,0,0,0,0,0,0,0
亹,3,1,2,0,0,0,0,0,0
邽,3,3,0,0,0,0,0,0,0
鼠,3,3,0,0,0,0,0,0,0
禺,3,2,0,1,0,0,0,0,0
朗,3,1,0,2,0,0,0,0,0
弟,3,2,1,0,0,0,0,0,0
賽,3,2,0,1,0,0,0,0,0
祁,3,3,0,0,0,0,0,0,0
協,3,2,1,0,0,0,0,0,0
種,3,1,2,0,0,0,0,0,0
轅,3,3,0,0,0,0,0,0,0
紂,3,2,1,0,0,0,0,0,0
亮,3,2,0,1,0,0,0,0,0
杏,3,1,0,2,0,0,0,0,0
郿,3,2,1,0,0,0,0,0,0
薄,3,2,0,0,0,0,0,1,0
泓,3,2,1,0,0,0,0,0,0
鞏,3,2,1,0,0,0,0,0,0
接,3,1,1,1,0,0,0,0,0
徼,3,3,0,0,0,0,0,0,0
郟,3,3,0,0,0,0,0,0,0
墢,3,3,0,0,0,0,0,0,0
浩,3,1,1,1,0,0,0,0,0
狐,3,3,0,0,0,0,0,0,0
帥,3,3,0,0,0,0,0,0,0
尋,3,1,1,1,0,0,0,0,0
著,3,1,0,2,0,0,0,0,0
序,3,2,1,0,0,0,0,0,0
弁,3,1,1,1,0,0,0,0,0
由,3,2,0,1,0,0,0,0,0
禹,3,2,0,1,0,0,0,0,0
婦,3,2,1,0,0,0,0,0,0
寓,3,1,1,1,0,0,0,0,0
答,3,1,2,0,0,0,0,0,0
愚,3,3,0,0,0,0,0,0,0
釡,3,3,0,0,0,0,0,0,0
駱,3,1,1,0,1,0,0,0,0
臧,3,1,0,2,0,0,0,0,0
巫,3,2,1,0,0,0,0,0,0
床,3,3,0,0,0,0,0,0,0
稜,3,2,0,1,0,0,0,0,0
舜,3,2,1,0,0,0,0,0,0
誌,3,1,0,2,0,0,0,0,0
情,3,1,0,1,0,1,0,0,0
蔑,3,3,0,0,0,0,0,0,0
妻,3,3,0,0,0,0,0,0,0
櫓,3,1,1,1,0,0,0,0,0
碕,3,1,2,0,0,0,0,0,0
纛,3,3,0,0,0,0,0,0,0
范,3,3,0,0,0,0,0,0,0
譜,3,1,2,0,0,0,0,0,0
象,3,1,2,0,0,0,0,0,0
亶,3,2,1,0,0,0,0,0,0
莽,3,3,0,0,0,0,0,0,0
貃,3,3,0,0,0,0,0,0,0
縷,3,3,0,0,0,0,0,0,0
曆,3,1,2,0,0,0,0,0,0
蔓,3,1,1,1,0,0,0,0,0
頑,3,1,0,2,0,0,0,0,0
澠,3,1,2,0,0,0,0,0,0
諸,3,1,2,0,0,0,0,0,0
俊,3,1,0,0,0,2,0,0,0
寮,3,3,0,0,0,0,0,0,0
坤,3,1,2,0,0,0,0,0,0
準,3,2,1,0,0,0,0,0,0
扁,3,1,2,0,0,0,0,0,0
潘,3,2,1,0,0,0,0,0,0
澄,3,1,0,2,0,0,0,0,0
戒,3,3,0,0,0,0,0,0,0
毬,3,1,2,0,0,0,0,0,0
㓒,3,2,0,1,0,0,0,0,0
綱,3,2,1,0,0,0,0,0,0
友,3,1,0,2,0,0,0,0,0
樑,3,3,0,0,0,0,0,0,0
躋,3,3,0,0,0,0,0,0,0
瓦,3,1,0,2,0,0,0,0,0
意,3,1,0,1,1,0,0,0,0
送,3,1,2,0,0,0,0,0,0
楓,3,2,1,0,0,0,0,0,0
拓,3,1,0,0,2,0,0,0,0
巓,3,1,1,0,0,1,0,0,0
彎,3,1,0,2,0,0,0,0,0
」,3,3,0,0,0,0,0,0,0
失,3,0,2,1,0,0,0,0,0
馹,3,0,2,0,0,0,0,0,1
濬,3,0,3,0,0,0,0,0,0
拏,3,0,2,0,0,1,0,0,0
示,3,0,3,0,0,0,0,0,0
魁,3,0,3,0,0,0,0,0,0
閏,3,0,2,0,0,1,0,0,0
發,3,0,1,2,0,0,0,0,0
鬼,3,0,3,0,0,0,0,0,0
崍,3,0,2,0,0,1,0,0,0
㢱,3,0,3,0,0,0,0,0,0
俗,3,0,3,0,0,0,0,0,0
品,3,0,3,0,0,0,0,0,0
徒,3,0,2,1,0,0,0,0,0
豬,3,0,3,0,0,0,0,0,0
荒,3,0,3,0,0,0,0,0,0
分,3,0,2,1,0,0,0,0,0
嬀,3,0,3,0,0,0,0,0,0
狚,3,0,3,0,0,0,0,0,0
卦,3,0,3,0,0,0,0,0,0
淨,3,0,2,1,0,0,0,0,0
戰,3,0,3,0,0,0,0,0,0
裴,3,0,3,0,0,0,0,0,0
褸,3,0,2,0,1,0,0,0,0
姚,3,0,2,1,0,0,0,0,0
具,3,0,3,0,0,0,0,0,0
播,3,0,3,0,0,0,0,0,0
毋,3,0,3,0,0,0,0,0,0
貂,3,0,3,0,0,0,0,0,0
雪,3,0,1,2,0,0,0,0,0
劒,3,0,3,0,0,0,0,0,0
柹,3,0,3,0,0,0,0,0,0
梨,3,0,1,1,0,1,0,0,0
以,3,0,1,2,0,0,0,0,0
査,3,0,1,2,0,0,0,0,0
루,3,0,0,3,0,0,0,0,0
령,3,0,0,3,0,0,0,0,0
올,3,0,0,3,0,0,0,0,0
린,3,0,0,3,0,0,0,0,0
노,3,0,0,3,0,0,0,0,0
던,3,0,0,3,0,0,0,0,0
繩,3,0,0,1,0,1,1,0,0
즈,3,0,0,3,0,0,0,0,0
스,3,0,0,3,0,0,0,0,0
肸,3,0,0,2,0,0,0,1,0
奐,3,0,0,3,0,0,0,0,0
弩,3,0,0,1,0,1,0,1,0
濘,3,0,0,3,0,0,0,0,0
祗,3,0,0,2,0,1,0,0,0
酒,3,0,0,3,0,0,0,0,0
尸,3,0,0,1,0,0,0,2,0
■,3,0,0,2,0,0,0,1,0
青,3,0,0,1,0,0,0,2,0
戸,3,0,0,3,0,0,0,0,0
犁,3,0,0,3,0,0,0,0,0
伻,3,0,0,3,0,0,0,0,0
榛,3,0,0,3,0,0,0,0,0
緬,3,0,0,1,2,0,0,0,0
称,3,0,0,3,0,0,0,0,0
礼,3,0,0,1,0,0,0,0,2
隈,3,0,0,3,0,0,0,0,0
猛,3,0,0,0,0,1,2,0,0
肹,3,0,0,0,0,1,0,2,0
隩,3,0,0,0,0,0,0,3,0
蹕,3,0,0,0,0,0,0,3,0
宫,3,0,0,0,0,0,0,3,0
𠩤,3,0,0,0,0,0,0,3,0
緑,3,0,0,0,0,0,0,2,1
寕,3,0,0,0,0,0,0,0,3
㫖,3,0,0,0,0,0,0,0,3
鍵,2,2,0,0,0,0,0,0,0
潢,2,1,1,0,0,0,0,0,0
滎,2,2,0,0,0,0,0,0,0
導,2,1,0,1,0,0,0,0,0
卓,2,2,0,0,0,0,0,0,0
銃,2,2,0,0,0,0,0,0,0
亘,2,1,0,1,0,0,0,0,0
崑,2,2,0,0,0,0,0,0,0
器,2,2,0,0,0,0,0,0,0
潦,2,1,1,0,0,0,0,0,0
納,2,1,1,0,0,0,0,0,0
灉,2,2,0,0,0,0,0,0,0
慄,2,2,0,0,0,0,0,0,0
蜚,2,2,0,0,0,0,0,0,0
補,2,1,1,0,0,0,0,0,0
脈,2,2,0,0,0,0,0,0,0
似,2,1,1,0,0,0,0,0,0
擧,2,2,0,0,0,0,0,0,0
窑,2,2,0,0,0,0,0,0,0
蕪,2,1,0,1,0,0,0,0,0
慊,2,2,0,0,0,0,0,0,0
願,2,1,0,1,0,0,0,0,0
裡,2,1,1,0,0,0,0,0,0
埸,2,2,0,0,0,0,0,0,0
蔥,2,1,1,0,0,0,0,0,0
瑩,2,1,1,0,0,0,0,0,0
此,2,1,0,1,0,0,0,0,0
扂,2,2,0,0,0,0,0,0,0
鼇,2,2,0,0,0,0,0,0,0
埈,2,2,0,0,0,0,0,0,0
屢,2,2,0,0,0,0,0,0,0
墰,2,2,0,0,0,0,0,0,0
瀟,2,1,0,0,0,1,0,0,0
儼,2,2,0,0,0,0,0,0,0
煤,2,1,0,0,0,0,1,0,0
細,2,2,0,0,0,0,0,0,0
邲,2,2,0,0,0,0,0,0,0
繹,2,2,0,0,0,0,0,0,0
滉,2,1,0,1,0,0,0,0,0
增,2,2,0,0,0,0,0,0,0
僖,2,2,0,0,0,0,0,0,0
隘,2,2,0,0,0,0,0,0,0
抗,2,1,1,0,0,0,0,0,0
壟,2,2,0,0,0,0,0,0,0
貉,2,2,0,0,0,0,0,0,0
沓,2,1,0,1,0,0,0,0,0
棐,2,1,1,0,0,0,0,0,0
札,2,1,0,1,0,0,0,0,0
堣,2,1,1,0,0,0,0,0,0
輝,2,2,0,0,0,0,0,0,0
鄂,2,1,1,0,0,0,0,0,0
宁,2,1,0,1,0,0,0,0,0
肖,2,2,0,0,0,0,0,0,0
航,2,1,1,0,0,0,0,0,0
陞,2,1,1,0,0,0,0,0,0
栍,2,2,0,0,0,0,0,0,0
璘,2,2,0,0,0,0,0,0,0
薦,2,2,0,0,0,0,0,0,0
僑,2,1,1,0,0,0,0,0,0
灞,2,2,0,0,0,0,0,0,0
醒,2,1,1,0,0,0,0,0,0
箇,2,2,0,0,0,0,0,0,0
租,2,1,0,1,0,0,0,0,0
凌,2,2,0,0,0,0,0,0,0
履,2,2,0,0,0,0,0,0,0
祜,2,1,1,0,0,0,0,0,0
礖,2,1,1,0,0,0,0,0,0
禦,2,2,0,0,0,0,0,0,0
譯,2,1,1,0,0,0,0,0,0
圭,2,2,0,0,0,0,0,0,0
責,2,2,0,0,0,0,0,0,0
淅,2,2,0,0,0,0,0,0,0
滂,2,2,0,0,0,0,0,0,0
倬,2,2,0,0,0,0,0,0,0
巡,2,1,1,0,0,0,0,0,0
艙,2,2,0,0,0,0,0,0,0
峒,2,1,0,1,0,0,0,0,0
妃,2,2,0,0,0,0,0,0,0
壹,2,2,0,0,0,0,0,0,0
郁,2,1,1,0,0,0,0,0,0
訪,2,1,0,1,0,0,0,0,0
紳,2,1,1,0,0,0,0,0,0
附,2,1,1,0,0,0,0,0,0
逵,2,2,0,0,0,0,0,0,0
驆,2,1,0,0,0,0,0,1,0
十,2,1,1,0,0,0,0,0,0
璿,2,1,0,1,0,0,0,0,0
荷,2,2,0,0,0,0,0,0,0
鉛,2,1,1,0,0,0,0,0,0
棣,2,1,1,0,0,0,0,0,0
埉,2,2,0,0,0,0,0,0,0
枰,2,2,0,0,0,0,0,0,0
銘,2,1,1,0,0,0,0,0,0
鵬,2,1,0,1,0,0,0,0,0
洹,2,2,0,0,0,0,0,0,0
旂,2,1,0,0,0,1,0,0,0
漂,2,1,1,0,0,0,0,0,0
澥,2,1,0,1,0,0,0,0,0
㵸,2,2,0,0,0,0,0,0,0
槎,2,1,0,1,0,0,0,0,0
莵,2,1,0,1,0,0,0,0,0
援,2,1,1,0,0,0,0,0,0
瑘,2,2,0,0,0,0,0,0,0
苖,2,2,0,0,0,0,0,0,0
冊,2,2,0,0,0,0,0,0,0
錧,2,1,1,0,0,0,0,0,0
牆,2,2,0,0,0,0,0,0,0
伸,2,1,1,0,0,0,0,0,0
粱,2,2,0,0,0,0,0,0,0
豈,2,1,1,0,0,0,0,0,0
蒜,2,2,0,0,0,0,0,0,0
頌,2,2,0,0,0,0,0,0,0
菀,2,1,1,0,0,0,0,0,0
彭,2,2,0,0,0,0,0,0,0
絳,2,2,0,0,0,0,0,0,0
穫,2,2,0,0,0,0,0,0,0
罝,2,2,0,0,0,0,0,0,0
潁,2,2,0,0,0,0,0,0,0
徵,2,1,1,0,0,0,0,0,0
欌,2,2,0,0,0,0,0,0,0
旬,2,2,0,0,0,0,0,0,0
燁,2,2,0,0,0,0,0,0,0
餉,2,1,1,0,0,0,0,0,0
轍,2,2,0,0,0,0,0,0,0
塜,2,2,0,0,0,0,0,0,0
瀑,2,2,0,0,0,0,0,0,0
樸,2,1,0,1,0,0,0,0,0
藤,2,1,1,0,0,0,0,0,0
森,2,1,0,1,0,0,0,0,0
鐘,2,1,1,0,0,0,0,0,0
蓍,2,2,0,0,0,0,0,0,0
塹,2,1,0,1,0,0,0,0,0
坑,2,1,1,0,0,0,0,0,0
碣,2,1,0,0,0,0,0,1,0
丸,2,1,0,1,0,0,0,0,0
棨,2,2,0,0,0,0,0,0,0
瓘,2,1,0,1,0,0,0,0,0
庚,2,1,1,0,0,0,0,0,0
皓,2,1,0,1,0,0,0,0,0
麒,2,2,0,0,0,0,0,0,0
仆,2,2,0,0,0,0,0,0,0
笠,2,1,0,1,0,0,0,0,0
焦,2,2,0,0,0,0,0,0,0
鄛,2,2,0,0,0,0,0,0,0
埏,2,2,0,0,0,0,0,0,0
畢,2,1,1,0,0,0,0,0,0
坼,2,1,0,1,0,0,0,0,0
闔,2,1,1,0,0,0,0,0,0
斑,2,2,0,0,0,0,0,0,0
粵,2,1,1,0,0,0,0,0,0
憻,2,2,0,0,0,0,0,0,0
陖,2,1,0,0,1,0,0,0,0
紙,2,1,1,0,0,0,0,0,0
請,2,1,0,1,0,0,0,0,0
橓,2,1,0,0,1,0,0,0,0
萑,2,2,0,0,0,0,0,0,0
鍊,2,2,0,0,0,0,0,0,0
壃,2,1,0,1,0,0,0,0,0
偏,2,1,0,1,0,0,0,0,0
塌,2,2,0,0,0,0,0,0,0
遛,2,2,0,0,0,0,0,0,0
視,2,1,1,0,0,0,0,0,0
駐,2,1,1,0,0,0,0,0,0
講,2,1,1,0,0,0,0,0,0
澦,2,1,0,0,0,1,0,0,0
耕,2,1,1,0,0,0,0,0,0
乾,2,1,1,0,0,0,0,0,0
晏,2,1,0,0,1,0,0,0,0
幷,2,1,1,0,0,0,0,0,0
墠,2,2,0,0,0,0,0,0,0
段,2,1,1,0,0,0,0,0,0
哩,2,1,0,0,1,0,0,0,0
囦,2,2,0,0,0,0,0,0,0
窪,2,2,0,0,0,0,0,0,0
髮,2,1,0,0,0,0,0,1,0
現,2,1,1,0,0,0,0,0,0
茶,2,2,0,0,0,0,0,0,0
亏,2,0,2,0,0,0,0,0,0
勇,2,0,2,0,0,0,0,0,0
婆,2,0,2,0,0,0,0,0,0
檜,2,0,1,1,0,0,0,0,0
囚,2,0,2,0,0,0,0,0,0
鷰,2,0,2,0,0,0,0,0,0
滌,2,0,2,0,0,0,0,0,0
弥,2,0,2,0,0,0,0,0,0
阹,2,0,1,0,0,0,0,1,0
艎,2,0,2,0,0,0,0,0,0
計,2,0,2,0,0,0,0,0,0
瓜,2,0,2,0,0,0,0,0,0
余,2,0,2,0,0,0,0,0,0
施,2,0,2,0,0,0,0,0,0
塵,2,0,1,0,0,1,0,0,0
垢,2,0,1,0,0,1,0,0,0
蛤,2,0,2,0,0,0,0,0,0
芥,2,0,2,0,0,0,0,0,0
麾,2,0,1,1,0,0,0,0,0
餞,2,0,2,0,0,0,0,0,0
郜,2,0,2,0,0,0,0,0,0
姬,2,0,2,0,0,0,0,0,0
楮,2,0,1,1,0,0,0,0,0
財,2,0,1,1,0,0,0,0,0
溢,2,0,2,0,0,0,0,0,0
飄,2,0,1,1,0,0,0,0,0
藝,2,0,2,0,0,0,0,0,0
紫,2,0,2,0,0,0,0,0,0
沒,2,0,2,0,0,0,0,0,0
潜,2,0,2,0,0,0,0,0,0
註,2,0,2,0,0,0,0,0,0
尤,2,0,1,1,0,0,0,0,0
數,2,0,2,0,0,0,0,0,0
允,2,0,1,1,0,0,0,0,0
萄,2,0,1,1,0,0,0,0,0
洵,2,0,1,1,0,0,0,0,0
霜,2,0,2,0,0,0,0,0,0
變,2,0,1,1,0,0,0,0,0
卅,2,0,2,0,0,0,0,0,0
辭,2,0,2,0,0,0,0,0,0
誥,2,0,2,0,0,0,0,0,0
染,2,0,1,1,0,0,0,0,0
綎,2,0,1,1,0,0,0,0,0
踐,2,0,1,1,0,0,0,0,0
覆,2,0,2,0,0,0,0,0,0
至,2,0,1,1,0,0,0,0,0
滇,2,0,2,0,0,0,0,0,0
察,2,0,1,1,0,0,0,0,0
遞,2,0,2,0,0,0,0,0,0
昏,2,0,2,0,0,0,0,0,0
崽,2,0,2,0,0,0,0,0,0
瀦,2,0,2,0,0,0,0,0,0
咧,2,0,2,0,0,0,0,0,0
鞮,2,0,2,0,0,0,0,0,0
措,2,0,2,0,0,0,0,0,0
吏,2,0,1,1,0,0,0,0,0
朋,2,0,1,0,0,0,0,1,0
卯,2,0,2,0,0,0,0,0,0
琛,2,0,1,1,0,0,0,0,0
菜,2,0,1,1,0,0,0,0,0
賑,2,0,2,0,0,0,0,0,0
號,2,0,1,1,0,0,0,0,0
續,2,0,1,1,0,0,0,0,0
関,2,0,2,0,0,0,0,0,0
宰,2,0,1,1,0,0,0,0,0
蝀,2,0,2,0,0,0,0,0,0
障,2,0,1,1,0,0,0,0,0
蓬,2,0,1,1,0,0,0,0,0
霸,2,0,2,0,0,0,0,0,0
壋,2,0,2,0,0,0,0,0,0
嘛,2,0,1,1,0,0,0,0,0
旋,2,0,1,1,0,0,0,0,0
担,2,0,2,0,0,0,0,0,0
閻,2,0,2,0,0,0,0,0,0
幌,2,0,0,2,0,0,0,0,0
빈,2,0,0,2,0,0,0,0,0
쓰,2,0,0,2,0,0,0,0,0
바,2,0,0,2,0,0,0,0,0
코,2,0,0,2,0,0,0,0,0
尖,2,0,0,2,0,0,0,0,0
은,2,0,0,2,0,0,0,0,0
풀,2,0,0,2,0,0,0,0,0
벌,2,0,0,2,0,0,0,0,0
욬,2,0,0,2,0,0,0,0,0
돈,2,0,0,2,0,0,0,0,0
빠,2,0,0,2,0,0,0,0,0
끼,2,0,0,2,0,0,0,0,0
닷,2,0,0,2,0,0,0,0,0
끄,2,0,0,2,0,0,0,0,0
만,2,0,0,2,0,0,0,0,0
攄,2,0,0,2,0,0,0,0,0
시,2,0,0,2,0,0,0,0,0
한,2,0,0,2,0,0,0,0,0
원,2,0,0,2,0,0,0,0,0
悉,2,0,0,2,0,0,0,0,0
胄,2,0,0,2,0,0,0,0,0
관,2,0,0,2,0,0,0,0,0
狴,2,0,0,2,0,0,0,0,0
웨,2,0,0,2,0,0,0,0,0
호,2,0,0,2,0,0,0,0,0
빌,2,0,0,2,0,0,0,0,0
발,2,0,0,1,1,0,0,0,0
질,2,0,0,2,0,0,0,0,0
桼,2,0,0,2,0,0,0,0,0
琴,2,0,0,2,0,0,0,0,0
賈,2,0,0,2,0,0,0,0,0
并,2,0,0,1,0,0,0,1,0
瀼,2,0,0,1,0,0,0,1,0
吞,2,0,0,2,0,0,0,0,0
迪,2,0,0,2,0,0,0,0,0
普,2,0,0,2,0,0,0,0,0
仍,2,0,0,1,0,1,0,0,0
톡,2,0,0,2,0,0,0,0,0
坎,2,0,0,2,0,0,0,0,0
撓,2,0,0,2,0,0,0,0,0
顏,2,0,0,1,0,0,1,0,0
荳,2,0,0,2,0,0,0,0,0
嘴,2,0,0,2,0,0,0,0,0
尻,2,0,0,2,0,0,0,0,0
嘶,2,0,0,2,0,0,0,0,0
礒,2,0,0,2,0,0,0,0,0
涵,2,0,0,2,0,0,0,0,0
辛,2,0,0,2,0,0,0,0,0
郎,2,0,0,2,0,0,0,0,0
芩,2,0,0,2,0,0,0,0,0
技,2,0,0,2,0,0,0,0,0
鳶,2,0,0,1,0,0,0,0,1
咄,2,0,0,2,0,0,0,0,0
暆,2,0,0,2,0,0,0,0,0
優,2,0,0,2,0,0,0,0,0
蟬,2,0,0,1,0,0,0,1,0
奚,2,0,0,1,0,0,0,1,0
懹,2,0,0,1,0,0,1,0,0
양,2,0,0,2,0,0,0,0,0
부,2,0,0,2,0,0,0,0,0
苧,2,0,0,2,0,0,0,0,0
㫆,2,0,0,2,0,0,0,0,0
고,2,0,0,2,0,0,0,0,0
위,2,0,0,2,0,0,0,0,0
培,2,0,0,2,0,0,0,0,0
雉,2,0,0,0,1,1,0,0,0
濕,2,0,0,0,0,1,1,0,0
戴,2,0,0,0,0,1,1,0,0
艾,2,0,0,0,0,1,1,0,0
瑙,2,0,0,0,0,2,0,0,0
庖,2,0,0,0,0,1,0,1,0
瀬,2,0,0,0,0,0,0,2,0
邏,2,0,0,0,0,0,0,2,0
黄,2,0,0,0,0,0,0,2,0
迁,2,0,0,0,0,0,0,2,0
𡊠,2,0,0,0,0,0,0,2,0
叄,2,0,0,0,0,0,0,2,0
霊,2,0,0,0,0,0,0,0,2
爇,1,1,0,0,0,0,0,0,0
顚,1,1,0,0,0,0,0,0,0
戾,1,1,0,0,0,0,0,0,0
悼,1,1,0,0,0,0,0,0,0
瀷,1,1,0,0,0,0,0,0,0
擇,1,1,0,0,0,0,0,0,0
晛,1,1,0,0,0,0,0,0,0
䎘,1,1,0,0,0,0,0,0,0
倜,1,1,0,0,0,0,0,0,0
埱,1,1,0,0,0,0,0,0,0
擊,1,1,0,0,0,0,0,0,0
說,1,1,0,0,0,0,0,0,0
獺,1,1,0,0,0,0,0,0,0
籙,1,1,0,0,0,0,0,0,0
甄,1,1,0,0,0,0,0,0,0
岦,1,1,0,0,0,0,0,0,0
柿,1,1,0,0,0,0,0,0,0
榞,1,1,0,0,0,0,0,0,0
酊,1,1,0,0,0,0,0,0,0
岌,1,1,0,0,0,0,0,0,0
祉,1,1,0,0,0,0,0,0,0
濰,1,1,0,0,0,0,0,0,0
稅,1,1,0,0,0,0,0,0,0
晳,1,1,0,0,0,0,0,0,0
旻,1,1,0,0,0,0,0,0,0
覘,1,1,0,0,0,0,0,0,0
杓,1,1,0,0,0,0,0,0,0
忮,1,1,0,0,0,0,0,0,0
畜,1,1,0,0,0,0,0,0,0
嶷,1,1,0,0,0,0,0,0,0
犯,1,1,0,0,0,0,0,0,0
呼,1,1,0,0,0,0,0,0,0
恤,1,1,0,0,0,0,0,0,0
柑,1,1,0,0,0,0,0,0,0
殆,1,1,0,0,0,0,0,0,0
琶,1,1,0,0,0,0,0,0,0
怊,1,1,0,0,0,0,0,0,0
劉,1,1,0,0,0,0,0,0,0
笏,1,1,0,0,0,0,0,0,0
謹,1,1,0,0,0,0,0,0,0
》,1,1,0,0,0,0,0,0,0
淋,1,1,0,0,0,0,0,0,0
潬,1,1,0,0,0,0,0,0,0
墀,1,1,0,0,0,0,0,0,0
閨,1,1,0,0,0,0,0,0,0
璛,1,1,0,0,0,0,0,0,0
混,1,1,0,0,0,0,0,0,0
洚,1,1,0,0,0,0,0,0,0
錯,1,1,0,0,0,0,0,0,0
呈,1,1,0,0,0,0,0,0,0
閽,1,1,0,0,0,0,0,0,0
磝,1,1,0,0,0,0,0,0,0
賴,1,1,0,0,0,0,0,0,0
鋤,1,1,0,0,0,0,0,0,0
謁,1,1,0,0,0,0,0,0,0
滑,1,1,0,0,0,0,0,0,0
橿,1,1,0,0,0,0,0,0,0
共,1,1,0,0,0,0,0,0,0
歭,1,1,0,0,0,0,0,0,0
卽,1,1,0,0,0,0,0,0,0
悌,1,1,0,0,0,0,0,0,0
狹,1,1,0,0,0,0,0,0,0
遊,1,1,0,0,0,0,0,0,0
琪,1,1,0,0,0,0,0,0,0
鰱,1,1,0,0,0,0,0,0,0
詡,1,1,0,0,0,0,0,0,0
苛,1,1,0,0,0,0,0,0,0
爵,1,1,0,0,0,0,0,0,0
棍,1,1,0,0,0,0,0,0,0
珽,1,1,0,0,0,0,0,0,0
蛇,1,1,0,0,0,0,0,0,0
瀁,1,1,0,0,0,0,0,0,0
鄖,1,1,0,0,0,0,0,0,0
裨,1,1,0,0,0,0,0,0,0
閔,1,1,0,0,0,0,0,0,0
勃,1,1,0,0,0,0,0,0,0
蛾,1,1,0,0,0,0,0,0,0
郾,1,1,0,0,0,0,0,0,0
鄑,1,1,0,0,0,0,0,0,0
酅,1,1,0,0,0,0,0,0,0
邛,1,1,0,0,0,0,0,0,0
劫,1,1,0,0,0,0,0,0,0
伾,1,1,0,0,0,0,0,0,0
宲,1,1,0,0,0,0,0,0,0
筐,1,1,0,0,0,0,0,0,0
鹹,1,1,0,0,0,0,0,0,0
殽,1,1,0,0,0,0,0,0,0
革,1,1,0,0,0,0,0,0,0
樗,1,1,0,0,0,0,0,0,0
蓉,1,1,0,0,0,0,0,0,0
名,1,1,0,0,0,0,0,0,0
賤,1,1,0,0,0,0,0,0,0
瀰,1,1,0,0,0,0,0,0,0
更,1,1,0,0,0,0,0,0,0
竈,1,1,0,0,0,0,0,0,0
袖,1,1,0,0,0,0,0,0,0
頹,1,1,0,0,0,0,0,0,0
柘,1,1,0,0,0,0,0,0,0
栱,1,1,0,0,0,0,0,0,0
腹,1,1,0,0,0,0,0,0,0
裝,1,1,0,0,0,0,0,0,0
鄯,1,1,0,0,0,0,0,0,0
蚓,1,1,0,0,0,0,0,0,0
黯,1,1,0,0,0,0,0,0,0
槃,1,1,0,0,0,0,0,0,0
徠,1,1,0,0,0,0,0,0,0
㐣,1,1,0,0,0,0,0,0,0
弓,1,1,0,0,0,0,0,0,0
騫,1,1,0,0,0,0,0,0,0
浴,1,1,0,0,0,0,0,0,0
瑣,1,1,0,0,0,0,0,0,0
秩,1,1,0,0,0,0,0,0,0
操,1,1,0,0,0,0,0,0,0
帷,1,1,0,0,0,0,0,0,0
奸,1,1,0,0,0,0,0,0,0
玦,1,1,0,0,0,0,0,0,0
刑,1,1,0,0,0,0,0,0,0
棟,1,1,0,0,0,0,0,0,0
扞,1,1,0,0,0,0,0,0,0
謩,1,1,0,0,0,0,0,0,0
素,1,1,0,0,0,0,0,0,0
畸,1,1,0,0,0,0,0,0,0
係,1,1,0,0,0,0,0,0,0
袤,1,1,0,0,0,0,0,0,0
藻,1,1,0,0,0,0,0,0,0
廐,1,1,0,0,0,0,0,0,0
垕,1,1,0,0,0,0,0,0,0
彬,1,1,0,0,0,0,0,0,0
麤,1,1,0,0,0,0,0,0,0
藿,1,1,0,0,0,0,0,0,0
蝟,1,1,0,0,0,0,0,0,0
祔,1,1,0,0,0,0,0,0,0
鄹,1,1,0,0,0,0,0,0,0
辟,1,1,0,0,0,0,0,0,0
曜,1,1,0,0,0,0,0,0,0
激,1,1,0,0,0,0,0,0,0
厰,1,1,0,0,0,0,0,0,0
䆁,1,1,0,0,0,0,0,0,0
㟠,1,1,0,0,0,0,0,0,0
蟹,1,1,0,0,0,0,0,0,0
璮,1,1,0,0,0,0,0,0,0
沈,1,1,0,0,0,0,0,0,0
榕,1,1,0,0,0,0,0,0,0
琓,1,1,0,0,0,0,0,0,0
儔,1,1,0,0,0,0,0,0,0
崟,1,1,0,0,0,0,0,0,0
劑,1,1,0,0,0,0,0,0,0
兖,1,1,0,0,0,0,0,0,0
蓭,1,1,0,0,0,0,0,0,0
點,1,1,0,0,0,0,0,0,0
最,1,1,0,0,0,0,0,0,0
榦,1,1,0,0,0,0,0,0,0
體,1,1,0,0,0,0,0,0,0
赴,1,1,0,0,0,0,0,0,0
缺,1,1,0,0,0,0,0,0,0
選,1,1,0,0,0,0,0,0,0
嶰,1,1,0,0,0,0,0,0,0
橈,1,1,0,0,0,0,0,0,0
冷,1,1,0,0,0,0,0,0,0
繕,1,1,0,0,0,0,0,0,0
姆,1,1,0,0,0,0,0,0,0
挑,1,1,0,0,0,0,0,0,0
廧,1,1,0,0,0,0,0,0,0
毁,1,1,0,0,0,0,0,0,0
頉,1,1,0,0,0,0,0,0,0
漁,1,1,0,0,0,0,0,0,0
誓,1,1,0,0,0,0,0,0,0
襈,1,1,0,0,0,0,0,0,0
爀,1,1,0,0,0,0,0,0,0
放,1,1,0,0,0,0,0,0,0
邶,1,1,0,0,0,0,0,0,0
鄘,1,1,0,0,0,0,0,0,0
欽,1,1,0,0,0,0,0,0,0
抄,1,1,0,0,0,0,0,0,0
祝,1,1,0,0,0,0,0,0,0
廱,1,1,0,0,0,0,0,0,0
蒯,1,1,0,0,0,0,0,0,0
鄜,1,1,0,0,0,0,0,0,0
捷,1,1,0,0,0,0,0,0,0
貝,1,1,0,0,0,0,0,0,0
孰,1,1,0,0,0,0,0,0,0
㶚,1,1,0,0,0,0,0,0,0
郅,1,1,0,0,0,0,0,0,0
習,1,1,0,0,0,0,0,0,0
逴,1,1,0,0,0,0,0,0,0
侗,1,1,0,0,0,0,0,0,0
瓚,1,1,0,0,0,0,0,0,0
聽,1,1,0,0,0,0,0,0,0
虔,1,1,0,0,0,0,0,0,0
鏞,1,1,0,0,0,0,0,0,0
蔭,1,1,0,0,0,0,0,0,0
藉,1,1,0,0,0,0,0,0,0
戲,1,1,0,0,0,0,0,0,0
蜺,1,1,0,0,0,0,0,0,0
鉷,1,1,0,0,0,0,0,0,0
俯,1,1,0,0,0,0,0,0,0
酌,1,1,0,0,0,0,0,0,0
旁,1,1,0,0,0,0,0,0,0
縮,1,1,0,0,0,0,0,0,0
喆,1,1,0,0,0,0,0,0,0
斌,1,1,0,0,0,0,0,0,0
珩,1,1,0,0,0,0,0,0,0
烒,1,1,0,0,0,0,0,0,0
遇,1,1,0,0,0,0,0,0,0
壠,1,1,0,0,0,0,0,0,0
秉,1,1,0,0,0,0,0,0,0
詠,1,1,0,0,0,0,0,0,0
婢,1,1,0,0,0,0,0,0,0
逋,1,1,0,0,0,0,0,0,0
銖,1,1,0,0,0,0,0,0,0
橚,1,1,0,0,0,0,0,0,0
䭗,1,1,0,0,0,0,0,0,0
産,1,1,0,0,0,0,0,0,0
晊,1,1,0,0,0,0,0,0,0
董,1,1,0,0,0,0,0,0,0
瑊,1,1,0,0,0,0,0,0,0
垸,1,1,0,0,0,0,0,0,0
蜂,1,1,0,0,0,0,0,0,0
梡,1,1,0,0,0,0,0,0,0
煥,1,1,0,0,0,0,0,0,0
葵,1,1,0,0,0,0,0,0,0
洸,1,1,0,0,0,0,0,0,0
耋,1,1,0,0,0,0,0,0,0
凋,1,1,0,0,0,0,0,0,0
謄,1,1,0,0,0,0,0,0,0
燾,1,1,0,0,0,0,0,0,0
濯,1,1,0,0,0,0,0,0,0
璉,1,1,0,0,0,0,0,0,0
鄗,1,1,0,0,0,0,0,0,0
躱,1,1,0,0,0,0,0,0,0
簟,1,1,0,0,0,0,0,0,0
晢,1,1,0,0,0,0,0,0,0
筦,1,1,0,0,0,0,0,0,0
淢,1,1,0,0,0,0,0,0,0
陔,1,1,0,0,0,0,0,0,0
箚,1,1,0,0,0,0,0,0,0
葬,1,1,0,0,0,0,0,0,0
楹,1,1,0,0,0,0,0,0,0
鞋,1,1,0,0,0,0,0,0,0
絲,1,1,0,0,0,0,0,0,0
受,1,1,0,0,0,0,0,0,0
亥,1,1,0,0,0,0,0,0,0
涑,1,1,0,0,0,0,0,0,0
蘊,1,1,0,0,0,0,0,0,0
壚,1,1,0,0,0,0,0,0,0
除,1,1,0,0,0,0,0,0,0
垿,1,1,0,0,0,0,0,0,0
曾,1,1,0,0,0,0,0,0,0
璡,1,1,0,0,0,0,0,0,0
側,1,1,0,0,0,0,0,0,0
犀,1,1,0,0,0,0,0,0,0
膝,1,1,0,0,0,0,0,0,0
偌,1,1,0,0,0,0,0,0,0
妊,1,1,0,0,0,0,0,0,0
姒,1,1,0,0,0,0,0,0,0
岨,1,1,0,0,0,0,0,0,0
桷,1,1,0,0,0,0,0,0,0
姜,1,1,0,0,0,0,0,0,0
巗,1,1,0,0,0,0,0,0,0
沬,1,1,0,0,0,0,0,0,0
雛,1,1,0,0,0,0,0,0,0
䑛,1,1,0,0,0,0,0,0,0
嵫,1,1,0,0,0,0,0,0,0
灌,1,1,0,0,0,0,0,0,0
終,1,1,0,0,0,0,0,0,0
翰,1,1,0,0,0,0,0,0,0
訣,1,1,0,0,0,0,0,0,0
傷,1,1,0,0,0,0,0,0,0
㟁,1,1,0,0,0,0,0,0,0
嶂,1,1,0,0,0,0,0,0,0
襤,1,1,0,0,0,0,0,0,0
釐,1,1,0,0,0,0,0,0,0
霖,1,1,0,0,0,0,0,0,0
溥,1,1,0,0,0,0,0,0,0
檐,1,1,0,0,0,0,0,0,0
瑢,1,1,0,0,0,0,0,0,0
閘,1,1,0,0,0,0,0,0,0
淙,1,1,0,0,0,0,0,0,0
槽,1,1,0,0,0,0,0,0,0
臭,1,1,0,0,0,0,0,0,0
㬉,1,1,0,0,0,0,0,0,0
壝,1,1,0,0,0,0,0,0,0
蘓,1,1,0,0,0,0,0,0,0
且,1,1,0,0,0,0,0,0,0
淚,1,1,0,0,0,0,0,0,0
笑,1,1,0,0,0,0,0,0,0
披,1,1,0,0,0,0,0,0,0
櫶,1,1,0,0,0,0,0,0,0
羲,1,1,0,0,0,0,0,0,0
珥,1,1,0,0,0,0,0,0,0
荑,1,1,0,0,0,0,0,0,0
綢,1,1,0,0,0,0,0,0,0
蹈,1,1,0,0,0,0,0,0,0
韻,1,1,0,0,0,0,0,0,0
竇,1,1,0,0,0,0,0,0,0
牕,1,1,0,0,0,0,0,0,0
踞,1,1,0,0,0,0,0,0,0
凞,1,1,0,0,0,0,0,0,0
被,1,1,0,0,0,0,0,0,0
謫,1,1,0,0,0,0,0,0,0
雈,1,1,0,0,0,0,0,0,0
鸞,1,1,0,0,0,0,0,0,0
盆,1,1,0,0,0,0,0,0,0
甃,1,1,0,0,0,0,0,0,0
凡,1,1,0,0,0,0,0,0,0
詞,1,1,0,0,0,0,0,0,0
灜,1,1,0,0,0,0,0,0,0
傾,1,1,0,0,0,0,0,0,0
層,1,1,0,0,0,0,0,0,0
䁔,1,1,0,0,0,0,0,0,0
橘,1,1,0,0,0,0,0,0,0
阻,1,1,0,0,0,0,0,0,0
酉,1,1,0,0,0,0,0,0,0
豦,1,1,0,0,0,0,0,0,0
籓,1,1,0,0,0,0,0,0,0
闢,1,1,0,0,0,0,0,0,0
菑,1,1,0,0,0,0,0,0,0
阯,1,1,0,0,0,0,0,0,0
岣,1,1,0,0,0,0,0,0,0
淡,1,1,0,0,0,0,0,0,0
丐,1,1,0,0,0,0,0,0,0
聘,1,1,0,0,0,0,0,0,0
㳍,1,1,0,0,0,0,0,0,0
梱,1,1,0,0,0,0,0,0,0
壑,1,1,0,0,0,0,0,0,0
峀,1,1,0,0,0,0,0,0,0
磴,1,1,0,0,0,0,0,0,0
齎,1,1,0,0,0,0,0,0,0
[,1,1,0,0,0,0,0,0,0
弄,1,1,0,0,0,0,0,0,0
煙,1,0,1,0,0,0,0,0,0
簫,1,0,1,0,0,0,0,0,0
持,1,0,1,0,0,0,0,0,0
㙉,1,0,1,0,0,0,0,0,0
娀,1,0,1,0,0,0,0,0,0
滋,1,0,1,0,0,0,0,0,0
飮,1,0,1,0,0,0,0,0,0
線,1,0,1,0,0,0,0,0,0
熒,1,0,1,0,0,0,0,0,0
慍,1,0,1,0,0,0,0,0,0
尊,1,0,1,0,0,0,0,0,0
塗,1,0,1,0,0,0,0,0,0
郱,1,0,1,0,0,0,0,0,0
碾,1,0,1,0,0,0,0,0,0
窰,1,0,1,0,0,0,0,0,0
屼,1,0,1,0,0,0,0,0,0
循,1,0,1,0,0,0,0,0,0
譽,1,0,1,0,0,0,0,0,0
伴,1,0,1,0,0,0,0,0,0
瑜,1,0,1,0,0,0,0,0,0
髳,1,0,1,0,0,0,0,0,0
濫,1,0,1,0,0,0,0,0,0
恬,1,0,1,0,0,0,0,0,0
悖,1,0,1,0,0,0,0,0,0
血,1,0,1,0,0,0,0,0,0
毒,1,0,1,0,0,0,0,0,0
斜,1,0,1,0,0,0,0,0,0
屠,1,0,1,0,0,0,0,0,0
悔,1,0,1,0,0,0,0,0,0
速,1,0,1,0,0,0,0,0,0
㝠,1,0,1,0,0,0,0,0,0
㽵,1,0,1,0,0,0,0,0,0
哀,1,0,1,0,0,0,0,0,0
輸,1,0,1,0,0,0,0,0,0
炤,1,0,1,0,0,0,0,0,0
彀,1,0,1,0,0,0,0,0,0
:,1,0,1,0,0,0,0,0,0
疾,1,0,1,0,0,0,0,0,0
艮,1,0,1,0,0,0,0,0,0
屎,1,0,1,0,0,0,0,0,0
聲,1,0,1,0,0,0,0,0,0
墮,1,0,1,0,0,0,0,0,0
薑,1,0,1,0,0,0,0,0,0
力,1,0,1,0,0,0,0,0,0
淍,1,0,1,0,0,0,0,0,0
个,1,0,1,0,0,0,0,0,0
崴,1,0,1,0,0,0,0,0,0
空,1,0,1,0,0,0,0,0,0
漱,1,0,1,0,0,0,0,0,0
欣,1,0,1,0,0,0,0,0,0
換,1,0,1,0,0,0,0,0,0
汁,1,0,1,0,0,0,0,0,0
悰,1,0,1,0,0,0,0,0,0
儛,1,0,1,0,0,0,0,0,0
專,1,0,1,0,0,0,0,0,0
截,1,0,1,0,0,0,0,0,0
募,1,0,1,0,0,0,0,0,0
昂,1,0,1,0,0,0,0,0,0
頼,1,0,1,0,0,0,0,0,0
過,1,0,1,0,0,0,0,0,0
涘,1,0,1,0,0,0,0,0,0
皷,1,0,1,0,0,0,0,0,0
像,1,0,1,0,0,0,0,0,0
鑾,1,0,1,0,0,0,0,0,0
潙,1,0,1,0,0,0,0,0,0
娃,1,0,1,0,0,0,0,0,0
牒,1,0,1,0,0,0,0,0,0
醜,1,0,1,0,0,0,0,0,0
按,1,0,1,0,0,0,0,0,0
賜,1,0,1,0,0,0,0,0,0
扜,1,0,1,0,0,0,0,0,0
滁,1,0,1,0,0,0,0,0,0
狢,1,0,1,0,0,0,0,0,0
蓄,1,0,1,0,0,0,0,0,0
囂,1,0,1,0,0,0,0,0,0
漬,1,0,1,0,0,0,0,0,0
乞,1,0,1,0,0,0,0,0,0
渴,1,0,1,0,0,0,0,0,0
揔,1,0,1,0,0,0,0,0,0
式,1,0,1,0,0,0,0,0,0
瀚,1,0,1,0,0,0,0,0,0
鋣,1,0,1,0,0,0,0,0,0
佑,1,0,1,0,0,0,0,0,0
璨,1,0,1,0,0,0,0,0,0
醬,1,0,1,0,0,0,0,0,0
狩,1,0,1,0,0,0,0,0,0
獒,1,0,1,0,0,0,0,0,0
猴,1,0,1,0,0,0,0,0,0
粧,1,0,1,0,0,0,0,0,0
昵,1,0,1,0,0,0,0,0,0
芑,1,0,1,0,0,0,0,0,0
洽,1,0,1,0,0,0,0,0,0
汲,1,0,1,0,0,0,0,0,0
㜪,1,0,1,0,0,0,0,0,0
褒,1,0,1,0,0,0,0,0,0
㥠,1,0,1,0,0,0,0,0,0
貼,1,0,1,0,0,0,0,0,0
缶,1,0,1,0,0,0,0,0,0
暵,1,0,1,0,0,0,0,0,0
懼,1,0,1,0,0,0,0,0,0
我,1,0,1,0,0,0,0,0,0
鄟,1,0,1,0,0,0,0,0,0
萼,1,0,1,0,0,0,0,0,0
咨,1,0,1,0,0,0,0,0,0
觜,1,0,1,0,0,0,0,0,0
磧,1,0,1,0,0,0,0,0,0
榴,1,0,1,0,0,0,0,0,0
午,1,0,1,0,0,0,0,0,0
侁,1,0,1,0,0,0,0,0,0
囊,1,0,1,0,0,0,0,0,0
漫,1,0,1,0,0,0,0,0,0
㞳,1,0,1,0,0,0,0,0,0
茲,1,0,1,0,0,0,0,0,0
陬,1,0,1,0,0,0,0,0,0
臼,1,0,1,0,0,0,0,0,0
盱,1,0,1,0,0,0,0,0,0
龔,1,0,1,0,0,0,0,0,0
蕩,1,0,1,0,0,0,0,0,0
陊,1,0,1,0,0,0,0,0,0
候,1,0,1,0,0,0,0,0,0
帖,1,0,1,0,0,0,0,0,0
晹,1,0,1,0,0,0,0,0,0
鈀,1,0,1,0,0,0,0,0,0
銅,1,0,1,0,0,0,0,0,0
消,1,0,1,0,0,0,0,0,0
顧,1,0,1,0,0,0,0,0,0
鎁,1,0,1,0,0,0,0,0,0
縻,1,0,1,0,0,0,0,0,0
澈,1,0,1,0,0,0,0,0,0
亟,1,0,1,0,0,0,0,0,0
騎,1,0,1,0,0,0,0,0,0
少,1,0,1,0,0,0,0,0,0
耻,1,0,1,0,0,0,0,0,0
妹,1,0,1,0,0,0,0,0,0
汊,1,0,1,0,0,0,0,0,0
去,1,0,1,0,0,0,0,0,0
嶋,1,0,1,0,0,0,0,0,0
僧,1,0,1,0,0,0,0,0,0
征,1,0,1,0,0,0,0,0,0
射,1,0,1,0,0,0,0,0,0
假,1,0,1,0,0,0,0,0,0
濆,1,0,1,0,0,0,0,0,0
朮,1,0,1,0,0,0,0,0,0
］,1,0,1,0,0,0,0,0,0
遜,1,0,1,0,0,0,0,0,0
紐,1,0,1,0,0,0,0,0,0
眙,1,0,1,0,0,0,0,0,0
珒,1,0,1,0,0,0,0,0,0
懽,1,0,1,0,0,0,0,0,0
泣,1,0,1,0,0,0,0,0,0
彈,1,0,1,0,0,0,0,0,0
疏,1,0,1,0,0,0,0,0,0
楼,1,0,1,0,0,0,0,0,0
譚,1,0,1,0,0,0,0,0,0
撻,1,0,1,0,0,0,0,0,0
澮,1,0,1,0,0,0,0,0,0
莞,1,0,1,0,0,0,0,0,0
禎,1,0,1,0,0,0,0,0,0
扒,1,0,1,0,0,0,0,0,0
拗,1,0,1,0,0,0,0,0,0
隧,1,0,1,0,0,0,0,0,0
殛,1,0,1,0,0,0,0,0,0
郰,1,0,1,0,0,0,0,0,0
箂,1,0,1,0,0,0,0,0,0
㯙,1,0,1,0,0,0,0,0,0
啓,1,0,1,0,0,0,0,0,0
罪,1,0,1,0,0,0,0,0,0
菓,1,0,1,0,0,0,0,0,0
眷,1,0,1,0,0,0,0,0,0
耉,1,0,1,0,0,0,0,0,0
不,1,0,1,0,0,0,0,0,0
創,1,0,1,0,0,0,0,0,0
彛,1,0,1,0,0,0,0,0,0
岥,1,0,1,0,0,0,0,0,0
垠,1,0,1,0,0,0,0,0,0
峩,1,0,1,0,0,0,0,0,0
瑛,1,0,1,0,0,0,0,0,0
但,1,0,1,0,0,0,0,0,0
讀,1,0,1,0,0,0,0,0,0
麴,1,0,1,0,0,0,0,0,0
蒸,1,0,1,0,0,0,0,0,0
挺,1,0,1,0,0,0,0,0,0
妙,1,0,1,0,0,0,0,0,0
乂,1,0,1,0,0,0,0,0,0
故,1,0,1,0,0,0,0,0,0
諭,1,0,1,0,0,0,0,0,0
乫,1,0,1,0,0,0,0,0,0
揵,1,0,1,0,0,0,0,0,0
掁,1,0,1,0,0,0,0,0,0
洊,1,0,1,0,0,0,0,0,0
摠,1,0,1,0,0,0,0,0,0
幼,1,0,1,0,0,0,0,0,0
涕,1,0,1,0,0,0,0,0,0
傘,1,0,1,0,0,0,0,0,0
撟,1,0,1,0,0,0,0,0,0
案,1,0,1,0,0,0,0,0,0
氣,1,0,1,0,0,0,0,0,0
綿,1,0,1,0,0,0,0,0,0
曮,1,0,1,0,0,0,0,0,0
脂,1,0,1,0,0,0,0,0,0
伋,1,0,1,0,0,0,0,0,0
堿,1,0,1,0,0,0,0,0,0
諾,1,0,1,0,0,0,0,0,0
依,1,0,1,0,0,0,0,0,0
摺,1,0,1,0,0,0,0,0,0
蕆,1,0,1,0,0,0,0,0,0
堦,1,0,1,0,0,0,0,0,0
采,1,0,1,0,0,0,0,0,0
溯,1,0,1,0,0,0,0,0,0
裟,1,0,1,0,0,0,0,0,0
期,1,0,1,0,0,0,0,0,0
棄,1,0,1,0,0,0,0,0,0
垓,1,0,1,0,0,0,0,0,0
遁,1,0,1,0,0,0,0,0,0
坳,1,0,1,0,0,0,0,0,0
肇,1,0,1,0,0,0,0,0,0
鑨,1,0,1,0,0,0,0,0,0
巍,1,0,1,0,0,0,0,0,0
浚,1,0,1,0,0,0,0,0,0
類,1,0,1,0,0,0,0,0,0
瀹,1,0,1,0,0,0,0,0,0
賫,1,0,1,0,0,0,0,0,0
鄶,1,0,1,0,0,0,0,0,0
汋,1,0,1,0,0,0,0,0,0
筆,1,0,1,0,0,0,0,0,0
給,1,0,1,0,0,0,0,0,0
效,1,0,1,0,0,0,0,0,0
憧,1,0,1,0,0,0,0,0,0
跂,1,0,1,0,0,0,0,0,0
圜,1,0,1,0,0,0,0,0,0
暎,1,0,1,0,0,0,0,0,0
鏶,1,0,1,0,0,0,0,0,0
瀨,1,0,0,1,0,0,0,0,0
聯,1,0,0,1,0,0,0,0,0
담,1,0,0,1,0,0,0,0,0
르,1,0,0,1,0,0,0,0,0
晴,1,0,0,1,0,0,0,0,0
咜,1,0,0,1,0,0,0,0,0
噶,1,0,0,1,0,0,0,0,0
彊,1,0,0,1,0,0,0,0,0
莫,1,0,0,1,0,0,0,0,0
종,1,0,0,1,0,0,0,0,0
강,1,0,0,1,0,0,0,0,0
權,1,0,0,1,0,0,0,0,0
隸,1,0,0,1,0,0,0,0,0
욕,1,0,0,1,0,0,0,0,0
빽,1,0,0,1,0,0,0,0,0
별,1,0,0,1,0,0,0,0,0
온,1,0,0,1,0,0,0,0,0
쿠,1,0,0,1,0,0,0,0,0
느,1,0,0,1,0,0,0,0,0
똑,1,0,0,1,0,0,0,0,0
그,1,0,0,1,0,0,0,0,0
예,1,0,0,1,0,0,0,0,0
하,1,0,0,1,0,0,0,0,0
치,1,0,0,1,0,0,0,0,0
림,1,0,0,1,0,0,0,0,0
보,1,0,0,1,0,0,0,0,0
허,1,0,0,1,0,0,0,0,0
뽀,1,0,0,1,0,0,0,0,0
졔,1,0,0,1,0,0,0,0,0
녕,1,0,0,1,0,0,0,0,0
게,1,0,0,1,0,0,0,0,0
澎,1,0,0,1,0,0,0,0,0
辣,1,0,0,1,0,0,0,0,0
란,1,0,0,1,0,0,0,0,0
냉,1,0,0,1,0,0,0,0,0
륜,1,0,0,1,0,0,0,0,0
구,1,0,0,1,0,0,0,0,0
북,1,0,0,1,0,0,0,0,0
개,1,0,0,1,0,0,0,0,0
畝,1,0,0,1,0,0,0,0,0
奪,1,0,0,1,0,0,0,0,0
攻,1,0,0,1,0,0,0,0,0
户,1,0,0,1,0,0,0,0,0
玗,1,0,0,1,0,0,0,0,0
句,1,0,0,1,0,0,0,0,0
딘,1,0,0,1,0,0,0,0,0
미,1,0,0,1,0,0,0,0,0
e,1,0,0,1,0,0,0,0,0
번,1,0,0,1,0,0,0,0,0
교,1,0,0,1,0,0,0,0,0
우,1,0,0,1,0,0,0,0,0
금,1,0,0,1,0,0,0,0,0
이,1,0,0,1,0,0,0,0,0
덴,1,0,0,1,0,0,0,0,0
버,1,0,0,1,0,0,0,0,0
컨,1,0,0,1,0,0,0,0,0
볼,1,0,0,1,0,0,0,0,0
운,1,0,0,1,0,0,0,0,0
n,1,0,0,1,0,0,0,0,0
S,1,0,0,1,0,0,0,0,0
d,1,0,0,1,0,0,0,0,0
芼,1,0,0,1,0,0,0,0,0
榟,1,0,0,1,0,0,0,0,0
曺,1,0,0,1,0,0,0,0,0
幱,1,0,0,1,0,0,0,0,0
橉,1,0,0,1,0,0,0,0,0
晩,1,0,0,1,0,0,0,0,0
粦,1,0,0,1,0,0,0,0,0
狎,1,0,0,1,0,0,0,0,0
跨,1,0,0,1,0,0,0,0,0
晨,1,0,0,1,0,0,0,0,0
寜,1,0,0,1,0,0,0,0,0
桭,1,0,0,1,0,0,0,0,0
踼,1,0,0,1,0,0,0,0,0
潔,1,0,0,1,0,0,0,0,0
璞,1,0,0,1,0,0,0,0,0
膺,1,0,0,1,0,0,0,0,0
积,1,0,0,1,0,0,0,0,0
湏,1,0,0,1,0,0,0,0,0
裔,1,0,0,1,0,0,0,0,0
鎰,1,0,0,1,0,0,0,0,0
釋,1,0,0,1,0,0,0,0,0
葍,1,0,0,1,0,0,0,0,0
茣,1,0,0,1,0,0,0,0,0
柗,1,0,0,1,0,0,0,0,0
浞,1,0,0,1,0,0,0,0,0
厼,1,0,0,1,0,0,0,0,0
仝,1,0,0,1,0,0,0,0,0
累,1,0,0,1,0,0,0,0,0
虚,1,0,0,1,0,0,0,0,0
渉,1,0,0,1,0,0,0,0,0
啞,1,0,0,1,0,0,0,0,0
穜,1,0,0,1,0,0,0,0,0
咬,1,0,0,1,0,0,0,0,0
陲,1,0,0,1,0,0,0,0,0
翠,1,0,0,1,0,0,0,0,0
馳,1,0,0,1,0,0,0,0,0
懶,1,0,0,1,0,0,0,0,0
忒,1,0,0,1,0,0,0,0,0
批,1,0,0,1,0,0,0,0,0
叡,1,0,0,1,0,0,0,0,0
瀉,1,0,0,1,0,0,0,0,0
蘚,1,0,0,1,0,0,0,0,0
侇,1,0,0,1,0,0,0,0,0
跕,1,0,0,1,0,0,0,0,0
什,1,0,0,1,0,0,0,0,0
舶,1,0,0,1,0,0,0,0,0
宏,1,0,0,1,0,0,0,0,0
的,1,0,0,1,0,0,0,0,0
）,1,0,0,1,0,0,0,0,0
棲,1,0,0,1,0,0,0,0,0
再,1,0,0,1,0,0,0,0,0
規,1,0,0,1,0,0,0,0,0
桀,1,0,0,1,0,0,0,0,0
詗,1,0,0,1,0,0,0,0,0
芷,1,0,0,1,0,0,0,0,0
埋,1,0,0,1,0,0,0,0,0
昧,1,0,0,1,0,0,0,0,0
漲,1,0,0,1,0,0,0,0,0
否,1,0,0,1,0,0,0,0,0
慰,1,0,0,1,0,0,0,0,0
瓢,1,0,0,1,0,0,0,0,0
陪,1,0,0,1,0,0,0,0,0
扇,1,0,0,1,0,0,0,0,0
들,1,0,0,1,0,0,0,0,0
鑒,1,0,0,1,0,0,0,0,0
釗,1,0,0,1,0,0,0,0,0
暘,1,0,0,1,0,0,0,0,0
椿,1,0,0,1,0,0,0,0,0
邁,1,0,0,1,0,0,0,0,0
抵,1,0,0,1,0,0,0,0,0
泹,1,0,0,1,0,0,0,0,0
靺,1,0,0,1,0,0,0,0,0
邯,1,0,0,1,0,0,0,0,0
賁,1,0,0,1,0,0,0,0,0
逆,1,0,0,1,0,0,0,0,0
菁,1,0,0,1,0,0,0,0,0
卞,1,0,0,1,0,0,0,0,0
食,1,0,0,1,0,0,0,0,0
乶,1,0,0,1,0,0,0,0,0
穡,1,0,0,1,0,0,0,0,0
僚,1,0,0,1,0,0,0,0,0
蓟,1,0,0,1,0,0,0,0,0
彧,1,0,0,1,0,0,0,0,0
灑,1,0,0,1,0,0,0,0,0
詳,1,0,0,1,0,0,0,0,0
坻,1,0,0,1,0,0,0,0,0
砧,1,0,0,1,0,0,0,0,0
僅,1,0,0,1,0,0,0,0,0
洒,1,0,0,1,0,0,0,0,0
醲,1,0,0,1,0,0,0,0,0
㲄,1,0,0,1,0,0,0,0,0
凍,1,0,0,1,0,0,0,0,0
裉,1,0,0,1,0,0,0,0,0
黙,1,0,0,1,0,0,0,0,0
䰉,1,0,0,1,0,0,0,0,0
䉴,1,0,0,1,0,0,0,0,0
宕,1,0,0,1,0,0,0,0,0
골,1,0,0,1,0,0,0,0,0
䵮,1,0,0,1,0,0,0,0,0
秱,1,0,0,1,0,0,0,0,0
내,1,0,0,1,0,0,0,0,0
佳,1,0,0,1,0,0,0,0,0
簋,1,0,0,1,0,0,0,0,0
瘠,1,0,0,1,0,0,0,0,0
必,1,0,0,1,0,0,0,0,0
溺,1,0,0,1,0,0,0,0,0
枕,1,0,0,1,0,0,0,0,0
叙,1,0,0,1,0,0,0,0,0
銈,1,0,0,1,0,0,0,0,0
拔,1,0,0,1,0,0,0,0,0
檠,1,0,0,1,0,0,0,0,0
避,1,0,0,1,0,0,0,0,0
牲,1,0,0,1,0,0,0,0,0
榥,1,0,0,1,0,0,0,0,0
雝,1,0,0,0,1,0,0,0,0
宬,1,0,0,0,1,0,0,0,0
辥,1,0,0,0,1,0,0,0,0
跋,1,0,0,0,1,0,0,0,0
磗,1,0,0,0,1,0,0,0,0
취,1,0,0,0,1,0,0,0,0
韋,1,0,0,0,1,0,0,0,0
惣,1,0,0,0,1,0,0,0,0
媛,1,0,0,0,1,0,0,0,0
籣,1,0,0,0,1,0,0,0,0
衝,1,0,0,0,0,1,0,0,0
魔,1,0,0,0,0,1,0,0,0
枺,1,0,0,0,0,1,0,0,0
頻,1,0,0,0,0,1,0,0,0
蟾,1,0,0,0,0,1,0,0,0
勞,1,0,0,0,0,1,0,0,0
騏,1,0,0,0,0,1,0,0,0
妓,1,0,0,0,0,1,0,0,0
梓,1,0,0,0,0,1,0,0,0
旦,1,0,0,0,0,1,0,0,0
冗,1,0,0,0,0,1,0,0,0
垷,1,0,0,0,0,1,0,0,0
蛟,1,0,0,0,0,1,0,0,0
摘,1,0,0,0,0,1,0,0,0
驎,1,0,0,0,0,1,0,0,0
㠃,1,0,0,0,0,1,0,0,0
欄,1,0,0,0,0,1,0,0,0
兇,1,0,0,0,0,1,0,0,0
迕,1,0,0,0,0,1,0,0,0
肴,1,0,0,0,0,1,0,0,0
蚕,1,0,0,0,0,0,1,0,0
淛,1,0,0,0,0,0,1,0,0
湌,1,0,0,0,0,0,0,1,0
冮,1,0,0,0,0,0,0,1,0
䟬,1,0,0,0,0,0,0,1,0
是,1,0,0,0,0,0,0,1,0
𠈂,1,0,0,0,0,0,0,1,0
桶,1,0,0,0,0,0,0,1,0
陌,1,0,0,0,0,0,0,1,0
兾,1,0,0,0,0,0,0,1,0
逺,1,0,0,0,0,0,0,1,0
硤,1,0,0,0,0,0,0,1,0
㝎,1,0,0,0,0,0,0,1,0
吴,1,0,0,0,0,0,0,1,0
歴,1,0,0,0,0,0,0,1,0
懃,1,0,0,0,0,0,0,1,0
彡,1,0,0,0,0,0,0,1,0
渟,1,0,0,0,0,0,0,1,0
慮,1,0,0,0,0,0,0,1,0
唯,1,0,0,0,0,0,0,1,0
隂,1,0,0,0,0,0,0,1,0
迴,1,0,0,0,0,0,0,1,0
攴,1,0,0,0,0,0,0,1,0
爭,1,0,0,0,0,0,0,1,0
祇,1,0,0,0,0,0,0,1,0
徳,1,0,0,0,0,0,0,0,1
腦,1,0,0,0,0,0,0,0,1
鳬,1,0,0,0,0,0,0,0,1
真,1,0,0,0,0,0,0,0,1
㱏,1,0,0,0,0,0,0,0,1
乹,1,0,0,0,0,0,0,0,1
拪,1,0,0,0,0,0,0,0,1
飬,1,0,0,0,0,0,0,0,1
