구분,키,파일수,한자수,지명,이름,관서,관직,서명,밀도_천자당
출처,승정원일기,297,223952552,1335483,8355291,0,0,140958,5.96
출처,조선왕조실록,673,49528024,490163,1495199,0,2,49506,9.9
출처,한국사료총서,63,19927656,201181,477546,29574,129361,12307,10.1
출처,고순종실록,70,3001573,41793,77071,0,0,1755,13.92
출처,고려사,138,1583112,16876,66285,0,37477,1092,10.66
출처,고려사절요,36,592608,6965,31997,0,13419,283,11.75
출처,삼국사기,52,204360,4615,7563,469,0,240,22.58
출처,삼국유사,5,93039,1113,3611,5,0,253,11.96
장르,미상,483,230484109,1396752,8503797,2239,54141,143427,6.06
장르,왕실-의식(儀式),212,19881179,227215,597471,0,0,22418,11.43
장르,사부(史部)_잡사류(雜史類),33,8128289,97887,276484,14307,77924,4880,12.04
장르,사부(史部)_지리류(地理類),2,2221223,44012,37263,5620,18089,591,19.81
장르,왕실-행행(行幸),28,3681111,40806,95041,0,2,3188,11.09
장르,과학-천기(天氣),49,4163819,38589,131989,0,0,3682,9.27
장르,왕실-국왕(國王),56,2658382,23885,80776,0,0,2848,8.98
장르,왕실(王室),57,2591011,22834,72703,0,0,2262,8.81
장르,인사-임면(任免),44,1739336,14141,58610,0,0,1578,8.13
장르,정론-정론(政論),28,1529394,12265,49185,0,0,1138,8.02
장르,사부(史部)_별사류(別史類),2,1240954,11672,52369,1680,10289,1021,9.41
장르,왕실-비빈(妃嬪),17,1064817,11067,31528,0,0,1286,10.39
장르,집부(集部)_별집류(別集類),14,2696549,10948,35955,881,4617,4284,4.06
장르,정론-간쟁(諫諍),28,1438438,10600,50408,0,0,1296,7.37
장르,과학-역법(曆法),12,1488146,9984,58175,0,0,925,6.71
장르,농업-권농(勸農),18,1163300,9900,33171,0,0,1266,8.51
장르,왕실-사급(賜給),10,905298,9382,25377,0,0,944,10.36
장르,왕실-종사(宗社),15,987980,8294,26288,0,0,990,8.39
장르,정론(政論),7,793318,7053,19370,0,0,639,8.89
장르,왕실-종친(宗親),11,377196,5131,10750,0,0,120,13.6
장르,외교-야(野),9,576091,4840,16193,0,0,345,8.4
장르,인물(人物),13,508184,4478,17100,0,0,462,8.81
장르,사부(史部)_전기류(傳記類),2,381657,4429,13598,346,2176,480,11.6
장르,사부(史部)_편년류(編年類),1,409399,4159,4558,2172,3543,132,10.16
장르,외교-왜(倭),2,235459,3880,7196,0,0,48,16.48
장르,인사(人事),10,403682,3728,13016,0,0,426,9.23
장르,행정-지방행정(地方行政),5,325632,3655,7449,0,0,177,11.22
장르,과학-지학(地學),4,278416,2643,7085,0,0,64,9.49
장르,사부(史部)_정서류(政書類),2,548284,2614,4577,1369,4871,75,4.77
장르,구휼(救恤),6,399870,2591,13102,0,0,430,6.48
장르,재정(財政),2,407469,2553,12697,0,0,167,6.27
장르,과학(科學),5,271595,2442,6422,0,0,313,8.99
장르,사부(史部)_사표류(史表類),1,198567,2431,5998,482,2840,202,12.24
장르,사법-치안(治安),4,307012,2417,6931,0,0,378,7.87
장르,사법(司法),4,380850,2158,12687,0,0,292,5.67
장르,인사-관리(管理),5,217586,2080,6420,0,0,177,9.56
장르,사부(史部)_기사본말류(紀史本末類),1,241892,1974,3738,478,1767,79,8.16
장르,사법-법제(法制),2,174628,1959,4743,0,0,90,11.22
장르,왕실-경연(經筵),6,201884,1826,6579,0,0,346,9.04
장르,군사-군정(軍政),2,258802,1794,6191,0,0,299,6.93
장르,왕실-궁관(宮官),4,233435,1765,8264,0,0,171,7.56
장르,사법-행형(行刑),2,81900,1694,1756,0,0,35,20.68
장르,외교-명(明),5,260823,1611,7308,0,0,165,6.18
장르,정치＞왕실＞국왕＞즉위·책봉,28,115394,1477,4445,122,0,116,12.8
장르,행정-중앙행정(中央行政),2,278460,1466,8636,0,0,171,5.26
장르,농업(農業),2,273966,1465,11116,0,0,174,5.35
장르,신분-천인(賤人),1,97241,1284,2266,0,0,86,13.2
장르,재정-공물(貢物),2,223727,1236,7116,0,0,228,5.52
장르,식생활-기명제물(器皿祭物),1,84910,1195,2354,0,0,50,14.07
장르,정치＞왕실＞궁궐＞宮·城,1,5040,1031,33,0,0,13,204.56
장르,인사-선발(選拔),1,89477,953,3448,0,0,101,10.65
장르,재정-상공(上供),1,74199,926,2422,0,0,72,12.48
장르,사법-재판(裁判),2,135049,840,4118,0,0,68,6.22
장르,정치＞행정＞군현＞주·부,2,7027,772,332,0,0,2,109.72
장르,사법-탄핵(彈劾),3,122881,736,2828,0,0,157,5.99
장르,풍속-예속(禮俗),2,23874,718,724,0,0,10,30.07
장르,의생활-관복(官服),1,53923,658,1549,0,0,4,12.2
장르,행정(行政),1,91438,637,2437,0,0,40,6.97
장르,농업-농작(農作),1,80817,611,2050,0,0,85,7.56
장르,재정-잡세(雜稅),1,64015,596,1658,0,0,82,9.31
장르,무역(貿易),1,54673,583,1291,0,0,42,10.66
장르,군사-전쟁(戰爭),2,28097,545,1151,0,0,17,19.4
장르,재정-전세(田稅),1,70910,534,1862,0,0,98,7.53
장르,정치＞왕실＞국왕＞활동(결혼·통치),2,7340,458,295,0,0,11,62.4
장르,윤리-강상(綱常),1,55742,435,1112,0,0,114,7.8
장르,문화＞사상＞불교사상＞승려생활,2,36891,382,1219,1,0,110,10.35
장르,정치＞왕실＞국왕＞신상,1,23158,353,1155,2,0,49,15.24
장르,호구-이동(移動),1,31208,313,904,0,0,44,10.03
장르,역사-편사(編史),23,66381,274,2403,0,0,87,4.13
장르,정치＞신이＞생물＞사람·귀신,1,20068,223,816,0,0,25,11.11
장르,정치＞행정＞관서＞군사관서,1,6557,195,66,59,0,11,29.74
장르,사회＞사회조직＞신분＞성씨,3,14281,179,701,32,0,2,12.53
장르,외교-일본(日本),1,6836,158,149,0,0,0,23.11
장르,문화＞사상＞불교사상＞승려(법명·법호),1,12922,155,421,2,0,69,12.0
장르,사회＞의례＞제사＞조상신,1,3919,144,107,0,0,20,36.74
장르,사회＞사회조직＞신분＞촌락,5,16660,125,694,0,0,16,7.5
장르,정치＞행정＞관인＞政務諫言,1,4168,113,197,0,0,5,27.11
장르,정치＞행정＞관인＞인사·제도,1,6513,80,130,3,0,0,12.28
장르,과학-생물(生物),1,12784,42,304,0,0,6,3.29
장르,정치＞군사＞전쟁＞전쟁결과,2,5825,41,226,0,0,1,7.04
장르,재정-국용(國用),1,5274,36,266,0,0,10,6.83
장르,역사-사학(史學),1,14672,30,556,0,0,4,2.04
장르,사상-유학(儒學),1,5701,27,208,0,0,4,4.74
장르,보건(保健),1,4213,25,143,0,0,11,5.93
장르,사회＞사회조직＞신분＞복식(옷·관모·혁대·장식구·신발·가죽),1,2962,0,12,0,0,7,0.0
장르,정치＞행정＞관직＞중앙관직,1,4913,0,270,113,0,29,0.0
장르,정치＞행정＞관서＞중앙관서,1,1852,0,55,140,0,7,0.0
